tternottt,egaynsford6p
tternottt,msnareqq
tternottt,bgrangero
tternottt,aheindrichhf
mderechteru,vwaiteom
mwedderburnv,cdunmoremc
mwedderburnv,hgodboldku
mwedderburnv,omelanmt
mwedderburnv,kkasnj
whegertyw,hmattityahou7x
olindmanx,pmarshalleck8s
olindmanx,favraamqc
sweldeny,adanielsohndh
sweldeny,rstrutekl
sweldeny,crobkemd
mautry10,ajoinsey4b
mautry10,eduthiee9
mautry10,mderechteru
mautry10,frickerd3r
ghayley11,amcgilbon1i
ghayley11,sleechgz
iferens12,chubback4v
iferens12,alathangw
iferens12,cspeak5k
iferens12,dalburyha
iferens12,bagusje
dleyman13,hchamberlainn8
dleyman13,bbalint7
ceverall14,kdeeslykz
ceverall14,ajoinsey4b
ceverall14,lsim3t
ceverall14,cphiller6
ceverall14,agreatlande3
kbasketfield16,eyashinl8
kbasketfield16,mkettlestringd7
kbasketfield16,mwrotchfordih
rgherardi17,lbricknellor
rgherardi17,cdunmoremc
rgherardi17,rburnelmj
rgherardi17,gchildsl0
bshinfield18,bmacnamee1
bshinfield18,mwrotchfordih
bshinfield18,fcowmeadowhq
bshinfield18,mgatelandn3
kriepel19,ameighr6
kriepel19,cpegrumj5
twisden1a,qveroniquecs
twisden1a,dpatterson62
twisden1a,ccuredalejr
twisden1a,blisamorejm
twisden1a,cpinarei3
goventon1b,jhilhouselr
goventon1b,fbattertonqm
goventon1b,aambrosoli9v
mmasurel1e,pgilardengo3h
mmasurel1e,gduganc1
mmasurel1e,htoynbeeqs
mboykett1f,rbitchenoaf
mboykett1f,fleroy97
spiggot1g,ciacomoc2
spiggot1g,afreethm6
spiggot1g,bbrignallbs
spiggot1g,hmattityahou7x
spiggot1g,kszwandt65
rskone1h,osambell7b
rskone1h,bbalint7
amcgilbon1i,gzupo6a
amcgilbon1i,bclemenzih
maltofts1j,afrancklynpy
maltofts1j,dbortolomeipa
clangforth1k,bpibwortho
clangforth1k,hbiaggiolih3
clangforth1k,wnewingoh
aminthorpe1l,mgallop5i
aminthorpe1l,cwildmancx
lteague1m,trangellhm
tmcskin1n,hbiaggiolih3
tmcskin1n,dwormleightonll
tmcskin1n,gkinton1z
tmcskin1n,dgoodredgehp
tmcskin1n,sveltmannbz
asighard1o,tdisleei9
asighard1o,iblissettgu
asamwyse1p,ldeveyg4
asamwyse1p,dbazeley8g
asamwyse1p,gseegerfh
asamwyse1p,aschwierpn
hscoular1q,sleechgz
hscoular1q,dhugeninqk
hscoular1q,efilippello3o
stear1r,agillbanksg1
stear1r,wballham3n
lwyer1s,mbatyh7
lwyer1s,mkibbeegi
lwyer1s,wgoodinsonau
dalbany1t,abuffal
dalbany1t,pmortell8u
jgirdwood1u,dtroyesdb
jgirdwood1u,closel4z
jgirdwood1u,wwardlowqa
jgirdwood1u,llindsellrj
jgirdwood1u,gallot2p
jkissell1v,epawelczyk5v
jkissell1v,mcouvertpz
sarderne1w,afrancom51
sarderne1w,mvanvelden4n
sarderne1w,abimd9
llanchberry1x,pscimonellimk
llanchberry1x,oslefordos
boverington1y,dstigglesdv
boverington1y,cspeak5k
gkinton1z,gdankersley20
gkinton1z,aelcoate40
gkinton1z,jarmatidgeaj
gkinton1z,rtomasinofm
gkinton1z,ehastin2g
gdankersley20,fhugek7
tbote21,wbarnsdallq8
tbote21,lzapaterobo
tbote21,ebarkhousel
kleithharvey22,ngrassc5
kleithharvey22,thickeringillr8
chyett23,bgallen0
chyett23,dmacleod89
chyett23,cjozsaqn
chyett23,ayanneq7
chyett23,adyballob
sjeffs24,nmascallhx
sjeffs24,cbillettcc
sjeffs24,dgaudenfp
sjeffs24,dstigglesdv
sjeffs24,lsanchisbk
dfantone25,pmoulesp8
dfantone25,gtolussip6
dfantone25,enellies46
dfantone25,bpaffittht
rlabba26,dstigglesdv
rlabba26,rbrittlebankre
rlabba26,tkatzmannln
rlabba26,cvogeleinop
lquinet27,lfigurabu
lquinet27,bjulyanir
lquinet27,cmackerelie
bsprowle28,mkimmonsqe
belix29,bachurchkh
belix29,cbillettcc
belix29,esuttelldl
dkobu2b,rconnelli0
dkobu2b,flochheadb5
vshelliday2c,aheindrichhf
vshelliday2c,wgoodinsonau
sboeck2d,bcapaldiid
sboeck2d,acotesa2
sboeck2d,iwhannel2w
sboeck2d,awalklate5p
sboeck2d,cdyshartac
aedlin2e,ccavendishmw
aedlin2e,afrancklynpy
aedlin2e,htoynbeeqs
aedlin2e,hkira5g
aedlin2e,plillimanpb
icroll2f,cvogeleinop
icroll2f,favraamqc
ehastin2g,ivanhaeften8y
ehastin2g,aheindrichhf
ehastin2g,iheadlyek
rtuffield2h,kduiganiz
rtuffield2h,maudiberto0
rtuffield2h,rtripeanhv
rtuffield2h,aedlin2e
rtuffield2h,echaplyn8l
lmarjanski2j,cgioanipv
sager2l,lestoileb
mphalip2m,rbitchenoaf
mphalip2m,efrancois6w
mphalip2m,lyeowellqy
mphalip2m,ceverall14
gthamelt2n,joglevief6
gthamelt2n,ceverall14
gthamelt2n,osambell7b
gthamelt2n,prentcomehd
sharraway2o,wwint73
sharraway2o,rmajurylq
sharraway2o,dlampertidr
sharraway2o,dlinggardbi
gallot2p,osambell7b
rorrah2q,ehastin2g
rorrah2q,hmcinultyim
rorrah2q,kgorini6y
mbaggalley2r,rabbattmz
mbaggalley2r,jgirdwood1u
dissard2s,jcundyq1
dissard2s,nbousler84
dissard2s,bblencoeni
dissard2s,kschirak3v
dissard2s,jjewissct
dgieraths2t,ngrassc5
cshaddock2u,awestleyoz
apetrulis2v,icleatonfi
apetrulis2v,ffermorqw
apetrulis2v,bmacnamee1
iwhannel2w,ofarquar9b
iwhannel2w,dfantone25
iwhannel2w,sraigatt54
iwhannel2w,sredmondhe
iwhannel2w,hhiggoen7
nmccambrois2x,gnesterovgx
nmccambrois2x,bmacnamee1
nmccambrois2x,mmasurel1e
nmccambrois2x,mcrollmank8
ajirek2y,bdowd6
ajirek2y,pgilardengo3h
ajirek2y,iblissettgu
ajirek2y,eberg9p
doki2z,scella52
doki2z,cdunmoremc
doki2z,blisamorejm
doki2z,fmacguffogkx
swrefford30,tsambeckg7
swrefford30,rtomichqi
swrefford30,rstatefieldnk
swrefford30,ggludorbn
swrefford30,hminchentonh1
hmaccahee31,ayanneq7
hmaccahee31,iblissettgu
bharflete33,bspatarohu
bharflete33,dradmercf
lpowell34,ssprouln
lpowell34,dgaudenfp
lpowell34,jarmatidgeaj
lpowell34,djagsono2
ddunstan35,hagargn
ddunstan35,afreethm6
ddunstan35,rmuddle4u
ddunstan35,lsim3t
tdinis36,orhodes90
tdinis36,awassqt
tdinis36,agibbard45
tdinis36,eyashinl8
tdinis36,hlarimerdk
awasselin38,cjinksb8
awasselin38,rskone1h
awasselin38,bamyot
awasselin38,dpassa7
jbaudic39,gduddenbj
jbaudic39,tmccrow63
jbaudic39,etocherd1
ssherland3a,eoakton9n
cjelly3d,rstrutekl
cjelly3d,amcalarneyiv
mswaden3e,lmckeranc0
mswaden3e,gvasichev99
mswaden3e,qveroniquecs
mswaden3e,ysimonymn
mswaden3e,cmclugishl4
fpenberthy3f,cewingsra
fpenberthy3f,bdelmontido
fpenberthy3f,kaureliusj0
fpenberthy3f,tmcgillecolele
lpaget3g,ekubickich
lpaget3g,fbattertonqm
lpaget3g,etessingtoncu
pgilardengo3h,hmaccahee31
pgilardengo3h,tasplando9
fakrigg3i,amainfy
bskingle3j,lseatterjl
bskingle3j,tvinternp
bskingle3j,dwordennd
bskingle3j,jgellettfz
bskingle3j,hagargn
amartschik3k,lroyste72
amartschik3k,kkrabbelh
amartschik3k,rlearmont4f
amartschik3k,clangforth1k
lheld3l,lgabbitusga
lheld3l,gnesterovgx
lheld3l,icroll2f
lheld3l,mgulliventml
cpask3m,ofarquar9b
cpask3m,thayhoeof
wballham3n,fmacguffogkx
wballham3n,amaudettma
wballham3n,ddematteisi
wballham3n,sveitch4g
wballham3n,cwalkingshawd0
efilippello3o,mcouvertpz
efilippello3o,hmaccahee31
efilippello3o,abuffal
cfisby3p,hriddlein
cfisby3p,sagutterm5
cfisby3p,kmarcumoy
cfisby3p,ciacomoc2
mbradden3q,sredmondhe
mbradden3q,sdeganat
mbradden3q,amusprattpx
mbradden3q,akeesj3
frickerd3r,aodennehydn
frickerd3r,bmaddoxeg
frickerd3r,dbortolomeipa
lsim3t,dbalazin15
lsim3t,gcheavinkd
lsim3t,jkingslm
lsim3t,kmacfadin95
lsim3t,nllorenteo7
gmaulden3u,rbitchenoaf
gmaulden3u,vcaird6d
kschirak3v,maltofts1j
kschirak3v,lbringloedu
kschirak3v,cmackerelie
dbarracks3w,mking5z
gblazewski3y,egrzesiakmg
pstuck3z,hcuncliffekw
pstuck3z,sweldeny
pstuck3z,egodsali6
aelcoate40,chyett23
aelcoate40,ebarkhousel
aelcoate40,nbeardow8w
aelcoate40,wletrange8k
aelcoate40,dissard2s
hmorphet43,uhatryfb
hmorphet43,ccowplande0
hmorphet43,ohaddickck
hmorphet43,wwardlowqa
hmorphet43,asoutheranp3
sgreenside44,dtanner9q
sgreenside44,adanielsohndh
sgreenside44,afrancom51
sgreenside44,rbrittlebankre
sgreenside44,ifullwood3c
agibbard45,bbrignallbs
agibbard45,aasee6g
enellies46,bjulyanir
enellies46,mmasurel1e
enellies46,hscoular1q
enellies46,bslocket4t
enellies46,ncordelettejv
larnout47,tbote21
larnout47,dbarracks3w
larnout47,ameighr6
larnout47,mwarriner42
larnout47,dkrolak8j
cpeasgood49,mcrollmank8
bquarrington4a,mswaden3e
bquarrington4a,bpaffittht
ajoinsey4b,cberrie93
ajoinsey4b,mpidgeonip
gkordt4c,dfanner5h
gkordt4c,aduckeray
gkordt4c,dpetronisrf
gkordt4c,ncardnolz
nratter4d,ljacobsohnjn
nratter4d,tlicasgv
bsiggens4e,pbonass7o
bsiggens4e,hbutenes
bsiggens4e,efrancois6w
bsiggens4e,gduddenbj
rlearmont4f,twisedalem
sveitch4g,cpeasgood49
bgerardot4h,shaddrillas
bgerardot4h,afrancom51
bgerardot4h,eyashinl8
bgerardot4h,dpatterson62
aradoux4i,pbonass7o
rfearneley4j,lyeowellqy
rfearneley4j,lgabbitusga
rfearneley4j,mmckevinax
rfearneley4j,mswaden3e
rfearneley4j,msisselot5o
gsyce4l,ofuzzardbq
gsyce4l,jpeachman9a
gsyce4l,dmussonj6
gsyce4l,bblitzko
gsyce4l,geggersgg
jbortolozzi4m,mbalnavesj2
jbortolozzi4m,nissakovcd
jbortolozzi4m,csamuelgj
jbortolozzi4m,jdellenty2i
jbortolozzi4m,pescalanteb0
mvanvelden4n,egarberhj
mvanvelden4n,asamwyse1p
sbellwood4o,kkrabbelh
sbellwood4o,bamyot
hpenvarne4p,cpask3m
hpenvarne4p,dmcgranems
hpenvarne4p,msheildsjt
hpenvarne4p,acotesa2
hpenvarne4p,klyardmv
kdibble4q,bblitzko
momeara4r,olindmanx
momeara4r,kmarcussenca
momeara4r,kwheelbandez
bquarterman4s,dcristoforo88
bquarterman4s,cnathan7e
bquarterman4s,flattimerds
bquarterman4s,mphetheankq
bslocket4t,vtorriqo
bslocket4t,ofuzzardbq
bslocket4t,joglevief6
bslocket4t,bmacnamee1
rmuddle4u,cdyshartac
rmuddle4u,kdeeslykz
chubback4v,grutern5
chubback4v,zpeticanl7
chubback4v,slukash7p
chubback4v,dlinggardbi
chubback4v,fgerlackik
tcoper4w,cwalkingshawd0
rorrin4x,pscimonellimk
pswyne4y,atonkinsonen
pswyne4y,omelanmt
closel4z,hlarimerdk
closel4z,hminchentonh1
closel4z,edickingsef
closel4z,jkunzel87
abredee50,gmaulden3u
afrancom51,nratter4d
afrancom51,dmussonj6
afrancom51,doki2z
scella52,ncoenbm
scella52,chyett23
scella52,mreisk6f
scella52,egoodswenp
acowope53,cokinneallyii
acowope53,dgaudenfp
acowope53,kszwandt65
sraigatt54,dkobu2b
sraigatt54,cmacenellyd5
sraigatt54,eleopardqp
sraigatt54,phargreaves8p
sraigatt54,mbathe
ppoter55,mphetheankq
ppoter55,mscothernnh
ppoter55,khickend4
ppoter55,ptathacottce
lshute57,ccuredalejr
kskeats58,mmarchenkobf
llerner5a,mmasurel1e
llerner5a,agillbanksg1
llerner5a,chollidgeba
pendecott5b,cjinksb8
pendecott5b,blisamorejm
pendecott5b,eburdassno
pendecott5b,ygoudegq
pendecott5b,rtripeanhv
kvowdon5c,dgoncaves7s
kvowdon5c,aheindrichhf
grenault5d,cdeaslt
grenault5d,abimd9
grenault5d,witzkovskyjc
grenault5d,lcradockiq
mfrancesco5e,telwellic
mfrancesco5e,dmalletrattib
sberic5f,vwaiteom
mgallop5i,osambell7b
cspeak5k,ebengleh8
cspeak5k,thakeki
mmcilveen5l,mhathornfc
syouhill5m,hseverwrightfq
syouhill5m,egaynsford6p
syouhill5m,ofolliottny
dnoyce5n,jdanielsbh
msisselot5o,jgellettfz
awalklate5p,aedlin2e
awalklate5p,slukash7p
awalklate5p,cwyvill56
hschuler5q,rbardnam8o
hschuler5q,rcritophcr
hschuler5q,pmewmb
hschuler5q,aeldredlf
hschuler5q,tderycot8b
ljarrelt5r,tkiftgc
hshackleford5s,kleithharvey22
hshackleford5s,kdearth8
epawelczyk5v,rburnelmj
epawelczyk5v,fgosford91
epawelczyk5v,kszwandt65
epawelczyk5v,hbutenes
epawelczyk5v,pbonass7o
dbrobyn5w,ewurst82
dbrobyn5w,jacland41
dbrobyn5w,aboocockcn
dbrobyn5w,cmaccafferkyff
dbrobyn5w,jternenths
ksooper5y,ssenecautc9
ksooper5y,mscothernnh
ksooper5y,stear1r
ksooper5y,kwilmotk5
mking5z,hpenvarne4p
mking5z,chyett23
mking5z,kleckykn
mking5z,lleatt59
mkelsey60,asighard1o
mkelsey60,nratter4d
mkelsey60,dmccall9
afattore61,naxbyb7
afattore61,dbloodworthec6
afattore61,bslocket4t
afattore61,fbotterellmp
afattore61,kmarcussenca
tmccrow63,emctrusteypi
tmccrow63,telwellic
tmccrow63,ceuesdenrg
tmccrow63,lflorentinebl
tmccrow63,clinayna
cendon64,dstigglesdv
cendon64,belix29
cendon64,wmillichapjf
cendon64,mfrancesco5e
cendon64,rorrin4x
kszwandt65,sagutterm5
kszwandt65,zcaldwell9l
kszwandt65,bcarraneiy
pmariault68,dtrevaskiss9e
sbeardsworth69,wjeavesrl
sbeardsworth69,mrizzinib4
gzupo6a,dgoodburnl
gzupo6a,ldaintreemi
gzupo6a,cobispo9r
gzupo6a,eallward5u
ehawton6b,chairyesp4
ehawton6b,drudsdellmy
ehawton6b,elacrouxgd
ehawton6b,rburnelmj
cchetwynd6c,ebrutonkc
cchetwynd6c,cmclugishl4
vcaird6d,dradmercf
kbedding6e,ebertwistlea9
kbedding6e,flattimerds
kbedding6e,ashahf8
mreisk6f,mwedderburnv
mreisk6f,hidelk0
mreisk6f,dmalletrattib
aasee6g,klyardmv
btowndrow6h,svaissiereis
btowndrow6h,sluke5
mpondjones6i,bmaddoxeg
mpondjones6i,araltonex
mpondjones6i,acotesa2
mpondjones6i,zpeticanl7
ookeaveny6k,pscimonellimk
ookeaveny6k,iseinejx
ookeaveny6k,vjensonmq
ookeaveny6k,ljarrelt5r
dmacshane6l,etocherd1
dmacshane6l,hmcinultyim
dmacshane6l,rorrin4x
dmacshane6l,mgarrandae
abricksey6m,rsheivelscw
abricksey6m,vcicchetton4
abricksey6m,ljacobsohnjn
teilers6n,rgregorinhk
teilers6n,dmackain9h
tfraniak6o,opietsmalb
egaynsford6p,aklezmski7k
egaynsford6p,msisselot5o
egaynsford6p,kkasnj
egaynsford6p,hidelk0
abraybrooke6q,cwaggettg6
abraybrooke6q,awestleyoz
cnetley6r,jbortolozzi4m
cnetley6r,kskeats58
cnetley6r,dcallear7q
cnetley6r,ahawarden37
cnetley6r,ehicken9d
khuccaby6s,orhodes90
aream6t,maltofts1j
aream6t,teilers6n
aream6t,ifullwood3c
fharder6v,bioanoa
fharder6v,pescalanteb0
gmacian6x,lmcgraffindz
gmacian6x,tofergusrb
kgorini6y,teilers6n
kgorini6y,ddunstan35
kgorini6y,kjiroutekh2
mveivers6z,kwilmotk5
nbelly70,fcoulthardo6
nbelly70,gdurningam
nbelly70,kgriffoenjq
nbelly70,sberic5f
clanfranconi71,mgatelandn3
clanfranconi71,pgilardengo3h
lroyste72,jgiannottiow
lroyste72,rclemmensenqx
lroyste72,zpeticanl7
lroyste72,dlinggardbi
lroyste72,gbusfieldjp
wwint73,aduvalej
wwint73,gbusfieldjp
wwint73,chollidgeba
acaldero75,lmalliael
acaldero75,ncardnolz
acaldero75,dheafordda
acaldero75,sjeffs24
acaldero75,fstearn8h
mcrichten76,astorrfv
mcrichten76,uhatryfb
mcrichten76,ncoenbm
mcrichten76,jluckmanif
mcrichten76,cnathan7e
irochester77,lkeslakel5
irochester77,mgulliventml
irochester77,tbote21
irochester77,anevisonbw
scrowley78,eleopardqp
scrowley78,rbitchenoaf
scrowley78,ciacomoc2
scrowley78,ggludorbn
scrowley78,cnetley6r
amuckeen79,apearcymo
kwillson7a,dlinggardbi
kwillson7a,etessingtoncu
kwillson7a,ngrafoml1
kwillson7a,mcouvertpz
nlevitt7c,rorrin4x
nlevitt7c,kpablo8e
nlevitt7c,ghayley11
nlevitt7c,bmcdermottrowcj
nlevitt7c,rstrutekl
eeagar7d,lduckeroc
eeagar7d,kcudbertsonfu
eeagar7d,amainfy
eeagar7d,hgwynno1
cnathan7e,ptathacottce
cnathan7e,kdearth8
cnathan7e,bbarliekt
cnathan7e,lclawleyqr
cnathan7e,kriepel19
chulle7f,eallward5u
chulle7f,asoutheranp3
chulle7f,omelanmt
chulle7f,gnesterovgx
chulle7f,asandellsf5
hclarabut7g,mcullinke
hclarabut7g,dissard2s
hclarabut7g,bbarliekt
pkondrachenko7h,ahowlings9c
pkondrachenko7h,eleopardqp
pkondrachenko7h,cjelly3d
jmathiot7i,bslocket4t
jmathiot7i,ahaironfw
jmathiot7i,coheffernankf
jmathiot7i,aedlin2e
aklezmski7k,apearcymo
aklezmski7k,tkiftgc
aklezmski7k,acaldero75
aklezmski7k,rsmithemanhg
pwhitticks7n,mautry10
dcallear7q,bchevertonf
dcallear7q,iheadlyek
dcallear7q,khartwrightnu
tizard7r,crobkemd
dgoncaves7s,momeara4r
dgoncaves7s,iseinejx
dgoncaves7s,hlarimerdk
dgoncaves7s,lragdaleit
tarmsden7t,elucchico
tarmsden7t,ptuffield0
tarmsden7t,nmascallhx
tarmsden7t,cmclugishl4
tarmsden7t,mguicenf
rjeanequin7u,lroyste72
gstandley7v,lfigurabu
gstandley7v,dgoodburnl
gstandley7v,gsulllyi8
gstandley7v,jwindramg5
aqueenborough7w,jmorrowebd
aqueenborough7w,cdunmoremc
aqueenborough7w,ppatemoreep
aqueenborough7w,sredmondhe
aqueenborough7w,bduchartbx
hmattityahou7x,pfishburnh9
hmattityahou7x,akeesj3
gdenzilow7y,mgallop5i
gdenzilow7y,ghayley11
gdenzilow7y,bguerriero3s
gdenzilow7y,fmacguffogkx
gdenzilow7y,mpolotticv
jletteresse7z,ljarrelt5r
wjanowski80,cpegrumj5
wjanowski80,scastonod
efazzioli81,dsmithermanbv
ewurst82,hagargn
ewurst82,rlearmont4f
bwisson83,lsim3t
bwisson83,bpibwortho
bwisson83,tlamborneak
bwisson83,jkunzel87
bwisson83,lwyer1s
nbousler84,abraybrooke6q
nbousler84,rvanhallee7
nbousler84,msheildsjt
nbousler84,egarberhj
rbarstow85,sraigatt54
rbarstow85,lcastellini1c
rbarstow85,aschwierpn
rbarstow85,chairyesp4
jkunzel87,mvuittonbg
jkunzel87,eclarae6u
jkunzel87,dbarracks3w
dcristoforo88,omelanmt
dcristoforo88,ccavendishmw
tdalgarno8a,gduganc1
tdalgarno8a,lflorentinebl
tdalgarno8a,hlarimerdk
tdalgarno8a,kskeats58
tdalgarno8a,tscholedq
tderycot8b,laudryge
tderycot8b,vbuscy
skenyon8c,mreisk6f
skenyon8c,clinayna
skenyon8c,abimd9
kpablo8e,shaddrillas
kpablo8e,acowope53
kpablo8e,gforcadebt
kpablo8e,lcastellini1c
kpablo8e,tofergusrb
ojayume8f,rgregorinhk
ojayume8f,fbotterellmp
ojayume8f,lheld3l
dbazeley8g,wjohannessonrn
fstearn8h,fgerlackik
kghidini8i,swetherickm0
kghidini8i,sfrickeym8
dkrolak8j,gmcphelimyov
dkrolak8j,twisden1a
dkrolak8j,ljarrelt5r
wletrange8k,lgabbitusga
wletrange8k,jgatehouse8x
wletrange8k,rhiggenpm
wletrange8k,dgaudenfp
echaplyn8l,lleatt59
echaplyn8l,cjinksb8
tphipson8m,araddish66
tphipson8m,tmccrow63
tphipson8m,banthoinnq
tphipson8m,kdenkmh
tphipson8m,jarmatidgeaj
tcastle8n,rdevoyk6
rbardnam8o,fharder6v
phargreaves8p,mwrotchfordih
phargreaves8p,aboocockcn
phargreaves8p,sjeffs24
phargreaves8p,gjosskowitzbe
phargreaves8p,tcoper4w
ccorbett8q,astorrfv
ccorbett8q,rgregorinhk
ccorbett8q,cspeak5k
abluschke8r,twisden1a
pmarshalleck8s,dbrobyn5w
pmarshalleck8s,jacland41
pmarshalleck8s,gscotsbrookdi
pmarshalleck8s,fbattertonqm
pmarshalleck8s,physloped
jcarryer8t,abimd9
jcarryer8t,wjanowski80
jcarryer8t,rbardnam8o
pmortell8u,tarmsden7t
pmortell8u,hjacobsg3
neastham8v,jairtonlu
neastham8v,tgatrillk3
neastham8v,dmcgranems
nbeardow8w,rsheivelscw
nbeardow8w,sharraway2o
nbeardow8w,lclawjz
jgatehouse8x,ifullwood3c
jgatehouse8x,frylandsq3
jgatehouse8x,dthackeray7m
ivanhaeften8y,mfuzzardpo
ivanhaeften8y,lsmeathq0
ivanhaeften8y,hrollings9k
ivanhaeften8y,aelcoate40
bhowsam8z,prentcomehd
bhowsam8z,bharflete33
bhowsam8z,sdeganat
bhowsam8z,tmcskin1n
orhodes90,cdunmoremc
orhodes90,lcardenasm3
orhodes90,amainfy
cberrie93,lquinet27
akernar94,slukash7p
akernar94,pendecott5b
akernar94,scrowley78
kmacfadin95,wwint73
kmacfadin95,lduckeroc
kmacfadin95,pstuck3z
mstitt96,tsambeckg7
mstitt96,kleithharvey22
lluesley98,pbonass7o
lluesley98,wbarnsdallq8
lluesley98,chairyesp4
gvasichev99,ldamatokp
jpeachman9a,emayzels
ofarquar9b,egarberhj
ahowlings9c,hclarabut7g
ahowlings9c,aduvalej
ahowlings9c,avinterjw
ahowlings9c,kcaulierj4
ahowlings9c,hflippeni2
dtrevaskiss9e,cberwickm9
dtrevaskiss9e,mkettlestringd7
mphelipeaux9f,jbortolozzi4m
mphelipeaux9f,dpatterson62
mphelipeaux9f,mkettlestringd7
cvurley9g,hborgnekb
cvurley9g,tlawrya
dmackain9h,jwortscp
mrheam9i,hremonc8
gtonbye9j,jbirkheadqg
gtonbye9j,hhiggoen7
gtonbye9j,bcromettk2
gtonbye9j,grenault5d
gtonbye9j,aheindrichhf
hrollings9k,lleatt59
hrollings9k,aschwierpn
hrollings9k,escadding9x
zcaldwell9l,mkettlestringd7
zcaldwell9l,nllorenteo7
aedwins9m,tmccrow63
eoakton9n,fflitcroftm2
eoakton9n,dpetronisrf
eoakton9n,tasplando9
eoakton9n,fstearn8h
nconniam9o,kgriffoenjq
nconniam9o,pgilardengo3h
nconniam9o,ggreaserfa
nconniam9o,afrancklynpy
nconniam9o,tgabbitisjd
eberg9p,cdugancg
eberg9p,fharder6v
eberg9p,lcandiebc
eberg9p,pbonass7o
eberg9p,wjohannessonrn
dtanner9q,lcotongk
dtanner9q,jjanowicze8
cobispo9r,tfraniak6o
cobispo9r,gsyce4l
cobispo9r,kwillson7a
cobispo9r,gthamelt2n
cobispo9r,alepiscopio32
pperutto9s,abricksey6m
adrysdale9t,irochester77
adrysdale9t,lclawleyqr
adrysdale9t,gtandyd2
adrysdale9t,eeagar7d
cpatria9u,bduchartbx
cpatria9u,lpaget3g
cpatria9u,lselbyhl
cpatria9u,cdunmoremc
aambrosoli9v,dkobu2b
nsemens9w,gchettleon
nsemens9w,bskingle3j
escadding9x,msnareqq
escadding9x,syouhill5m
escadding9x,bcromettk2
escadding9x,gtolussip6
escadding9x,jdellenty2i
fsokell9y,nmccambrois2x
fsokell9y,mmarchenkobf
tbinnya0,dfantone25
tbinnya0,zwitchallsn2
toliveya1,hriddlein
toliveya1,kleckykn
acotesa2,rsmithemanhg
acotesa2,dmaclleesecz
acotesa2,scapesee
acotesa2,tarmsden7t
mmonteitha3,cwreakia
mmonteitha3,vcaird6d
mmonteitha3,pperutto9s
mmonteitha3,lbricknellor
mmonteitha3,mbathe
babada4,cmacenellyd5
babada4,wastillg8
babada4,fcaldairour4
lbygreavesa5,grutern5
lbygreavesa5,sgreenside44
lbygreavesa5,ebarkhousel
taleksandreva6,gdankersley20
taleksandreva6,channibalew
dpassa7,pswyne4y
dpassa7,bgallen0
dpassa7,bwestreyj8
dpassa7,anootfo
ebertwistlea9,amacgeeql
ebertwistlea9,fcoulthardo6
ebertwistlea9,jbambroughgr
ebertwistlea9,aelcoate40
ebertwistlea9,lsigginsah
dcarveraa,ehawton6b
dcarveraa,hlarimerdk
eburnipad,cchetwynd6c
eburnipad,sweldeny
eburnipad,jpeachman9a
eburnipad,rcritophcr
eburnipad,lteague1m
rbitchenoaf,edickingsef
rbitchenoaf,etocherd1
rbitchenoaf,kgorini6y
rbitchenoaf,fbattertonqm
mberisfordag,aheindrichhf
mberisfordag,mautry10
mberisfordag,amainfy
mberisfordag,ssherland3a
mberisfordag,ndruettqj
lsigginsah,bioanoa
lsigginsah,amartschik3k
lsigginsah,rorrah2q
lsigginsah,jtwelftreerp
ztilleai,bendrighiix
ztilleai,dwormleightonll
ztilleai,cmacenellyd5
ztilleai,ahaironfw
jarmatidgeaj,aalchink4
jarmatidgeaj,nconniam9o
jarmatidgeaj,syouhill5m
tlamborneak,bcromettk2
abuffal,nstearnsrr
abuffal,naxbyb7
abuffal,bwilelw
gdurningam,lkeslakel5
gdurningam,czapaterooq
mkemmishan,gdenzilow7y
mkemmishan,ohaddickck
mkemmishan,sgreenside44
cogleyao,asoutheranp3
cogleyao,lmcgraffindz
slamasnaaq,mmasurel1e
cotteear,bblencoeni
cotteear,lfigurabu
cotteear,mbradden3q
sdeganat,bbedboroughju
sdeganat,cpegrumj5
sdeganat,oslefordos
sdeganat,nbelly70
sdeganat,dbloodworthec6
wgoodinsonau,scella52
wgoodinsonau,hgrebbinol
apeiroav,tkiftgc
apeiroav,amacgeeql
apeiroav,bpibwortho
apeiroav,hgodboldku
hedmonsaw,uhatryfb
mmckevinax,mweightmanks
aduckeray,fflitcroftm2
aduckeray,fstearn8h
aduckeray,naxbyb7
pescalanteb0,rskone1h
pescalanteb0,tdalgarno8a
pescalanteb0,jwallisou
pescalanteb0,tgreatexqd
bstobbartb1,mcrollmank8
bstobbartb1,osambell7b
aruleb2,tcoper4w
ccredlandb3,ssenecautc9
ccredlandb3,edickingsef
ccredlandb3,sharraway2o
ccredlandb3,cpatria9u
ccredlandb3,sloundlp
sbaleb6,sredmondhe
sbaleb6,alambournqz
sbaleb6,gsulllyi8
naxbyb7,rdevoyk6
naxbyb7,jmorrowebd
cjinksb8,htremainh0
vedmandsb9,dmerveillegh
vedmandsb9,nmccambrois2x
vedmandsb9,mdawidowskyq2
chollidgeba,afrancklynpy
lskeelbb,lbricknellor
lskeelbb,ccuredalejr
lskeelbb,lsanchisbk
lskeelbb,mkalkerdx
lcandiebc,wjeavesrl
lcandiebc,kjakubowiczjg
jmorrowebd,rconnelli0
jmorrowebd,fstandfieldmu
jmorrowebd,tmccolelv
gjosskowitzbe,mmckevinax
gjosskowitzbe,jgrushin4
gjosskowitzbe,ayanneq7
gjosskowitzbe,aradoux4i
mmarchenkobf,aalchink4
mmarchenkobf,cstollenkk
mmarchenkobf,kocklinpw
mmarchenkobf,jpeachman9a
mvuittonbg,ojayume8f
jdanielsbh,pstuck3z
jdanielsbh,ohaddickck
jdanielsbh,ppoter55
jdanielsbh,jjewissct
jdanielsbh,mkemmishan
dlinggardbi,lclawleyqr
dlinggardbi,adrysdale9t
dlinggardbi,fakrigg3i
dlinggardbi,sbeardsworth69
dlinggardbi,mstitt96
gduddenbj,ewurst82
gduddenbj,tmetcalfr1
gduddenbj,rmuddle4u
gduddenbj,jsimonoug2
gduddenbj,hgrebbinol
lsanchisbk,tcastle8n
lflorentinebl,gdankersley20
lflorentinebl,dbloodworthec6
ncoenbm,greilingfr
ncoenbm,wjeavesrl
ncoenbm,ptathacottce
ncoenbm,mmarchenkobf
ncoenbm,lclawjz
ggludorbn,egrzesiakmg
ggludorbn,lmcatamneyeh
lzapaterobo,hgwynno1
jfuidgebp,kszwandt65
jfuidgebp,ldamatokp
ofuzzardbq,ccowplande0
ofuzzardbq,lshute57
ofuzzardbq,cmastertonmx
ofuzzardbq,wastillg8
scorderobr,afreethm6
scorderobr,bbescoby1d
scorderobr,mveivers6z
scorderobr,joglevief6
bbrignallbs,sjoontjesrm
bbrignallbs,wfarensp7
gforcadebt,ipatinkini5
gforcadebt,mnertneyhn
gforcadebt,bioanoa
gforcadebt,hsouthwellfx
gforcadebt,smangioncl
dsmithermanbv,clangforth1k
dsmithermanbv,msnareqq
dsmithermanbv,bwestreyj8
dsmithermanbv,awatheyp5
dsmithermanbv,fstearn8h
bduchartbx,pmariault68
bduchartbx,afattore61
bduchartbx,tternottt
bduchartbx,tscholedq
sveltmannbz,cendon64
sveltmannbz,alathangw
lmckeranc0,cpozziji
lmckeranc0,sleechgz
lmckeranc0,drudsdellmy
lmckeranc0,ffermorqw
lmckeranc0,aohartnedyea
clamckenc3,drudsdellmy
clamckenc3,zwitchallsn2
clamckenc3,aelcoate40
hcurrorc4,scella52
ngrassc5,cjinksb8
ngrassc5,sloundlp
ngrassc5,cstollenkk
ngrassc5,ljacobsohnjn
ngrassc5,ccavendishmw
dbloodworthec6,spannetto3
dbloodworthec6,grutern5
dbloodworthec6,bmacnamee1
dbloodworthec6,abuffal
dbloodworthec6,dradmercf
tdabnotc7,bsiggens4e
tdabnotc7,rlearmont4f
tdabnotc7,thakeki
tdabnotc7,prentcomehd
hremonc8,nmccambrois2x
hremonc8,lyeowellqy
hremonc8,ibabedd
hremonc8,gkordt4c
hremonc8,mloyntoneo
ssenecautc9,jjewissct
ssenecautc9,bspatarohu
kmarcussenca,rcarmeh5
kmarcussenca,abredee50
eivanichevcb,flochheadb5
eivanichevcb,jwortscp
eivanichevcb,gtolussip6
eivanichevcb,dbradnickdw
eivanichevcb,mswaden3e
cbillettcc,adanielsohndh
cbillettcc,dalburyha
cbillettcc,witzkovskyjc
cbillettcc,tvinternp
nissakovcd,scastonod
nissakovcd,tarmsden7t
nissakovcd,rbarstow85
nissakovcd,fcoulthardo6
nissakovcd,larnout47
ptathacottce,dbradnickdw
ptathacottce,dshipky
ptathacottce,rgherardi17
ptathacottce,btowndrow6h
dradmercf,kwilmotk5
cdugancg,apikesley74
cdugancg,dmacleod89
cdugancg,telwellic
cdugancg,aspillane5t
cdugancg,pendecott5b
ekubickich,cpauwelpj
ekubickich,nostrichcq
ekubickich,aheindrichhf
kgandersci,cmethuenk1
kgandersci,ngrassc5
bmcdermottrowcj,mbatyh7
bmcdermottrowcj,sveltmannbz
bmcdermottrowcj,cjelly3d
bmcdermottrowcj,mboykett1f
ohaddickck,escadding9x
smangioncl,ccavendishmw
smangioncl,asoutheranp3
ipogsoncm,fakrigg3i
aboocockcn,mgallop5i
aboocockcn,banthoinnq
aboocockcn,gclynmanly
aboocockcn,aspillane5t
aboocockcn,spiggot1g
elucchico,dfantone25
elucchico,cjinksb8
jwortscp,jcundyq1
nostrichcq,tlawrya
nostrichcq,bcarraneiy
nostrichcq,scapesee
rcritophcr,mpeerska
rcritophcr,dbazeley8g
rcritophcr,swhalnv
qveroniquecs,dmccall9
qveroniquecs,bchevertonf
qveroniquecs,orhodes90
qveroniquecs,dbalazin15
jjewissct,physloped
jjewissct,jairtonlu
jjewissct,dgreening4k
jjewissct,wwint73
mpolotticv,nconniam9o
mpolotticv,bbalint7
mpolotticv,egaynsford6p
mpolotticv,pclemersonnw
rsheivelscw,grenault5d
rsheivelscw,lhiersl2
vbuscy,fhaitlie6j
vbuscy,grutern5
vbuscy,clamckenc3
dmaclleesecz,ddanzelmanfl
dmaclleesecz,mcrowderpt
dmaclleesecz,oslefordos
dmaclleesecz,aostridge2a
dmaclleesecz,lsmeathq0
cwalkingshawd0,mmasurel1e
cwalkingshawd0,ekeattchri
cwalkingshawd0,kriepel19
etocherd1,gzupo6a
etocherd1,pkondrachenko7h
gtandyd2,mbradden3q
gtandyd2,bwestreyj8
gtandyd2,efilippello3o
gtandyd2,rmcgrannnt
gtandyd2,mautry10
glarsd3,cvogeleinop
khickend4,icleatonfi
bdowd6,pendecott5b
bdowd6,rbruffgf
bdowd6,jfuidgebp
bdowd6,prentcomehd
bdowd6,dgalgeyf9
mkettlestringd7,wfarensp7
mkettlestringd7,ibrichamj1
jbickerd8,ibrichamj1
jbickerd8,pperutto9s
jbickerd8,kwheelbandez
jbickerd8,bmaddoxeg
jbickerd8,jbortolozzi4m
abimd9,kjakubowiczjg
abimd9,ipatinkini5
abimd9,fgerlackik
abimd9,bguerriero3s
abimd9,ehicken9d
dheafordda,aohartnedyea
dheafordda,jcundyq1
dtroyesdb,taleksandreva6
dtroyesdb,bjulyanir
dtroyesdb,mwrotchfordih
dtroyesdb,acotesa2
sgallatlydc,eboothmanps
sgallatlydc,adanielsohndh
tromaynesde,bstobbartb1
tromaynesde,kghidini8i
tromaynesde,mmarchenkobf
tromaynesde,wmillichapjf
tromaynesde,fgosford91
sfinnigandf,ygoudegq
vgaskindg,kdearth8
vgaskindg,cmctavype
vgaskindg,bachurchkh
vgaskindg,tfraniak6o
adanielsohndh,bharflete33
adanielsohndh,pleversuch9z
adanielsohndh,tmasterskg
adanielsohndh,tharnesqh
gscotsbrookdi,cpauwelpj
gscotsbrookdi,ashahf8
jburnittdj,cpozziji
jburnittdj,mpolotticv
jburnittdj,ebengleh8
esuttelldl,spannetto3
bmcpeetersdm,mautry10
aodennehydn,mfilpoio
aodennehydn,maltofts1j
aodennehydn,efilippello3o
aodennehydn,tgreatexqd
bdelmontido,fmacguffogkx
bdelmontido,kgriffoenjq
bdelmontido,atembridgeho
bdelmontido,jmorrowebd
bdelmontido,pmarshalleck8s
lashmoledp,lcradockiq
lashmoledp,hsouthwellfx
lashmoledp,lnicklenld
lashmoledp,bclemenzih
lashmoledp,rstrutekl
tscholedq,tlicasgv
tscholedq,cnetley6r
tscholedq,lflorentinebl
dlampertidr,cwhaitesfg
dlampertidr,gkinton1z
dlampertidr,msnareqq
flattimerds,phargreaves8p
flattimerds,apearcymo
flattimerds,asighard1o
rdunhilldt,mbalnavesj2
lbringloedu,rlabatlx
lbringloedu,cmaccafferkyff
lbringloedu,icroll2f
lbringloedu,amartschik3k
lbringloedu,mpidgeonip
dstigglesdv,mberisfordag
dstigglesdv,jairtonlu
dstigglesdv,dstathersec
dstigglesdv,jmcgalll3
dstigglesdv,aglovesjy
dbradnickdw,bsprowle28
dbradnickdw,spiggot1g
dbradnickdw,eharlowpk
dbradnickdw,goventon1b
dbradnickdw,cmctavype
mkalkerdx,jbortolozzi4m
mkalkerdx,jwallisou
mkalkerdx,bmcdermottrowcj
mkalkerdx,toliveya1
mkalkerdx,etessingtoncu
esurgeydy,dgoncaves7s
lmcgraffindz,kgorini6y
lmcgraffindz,lditchburngs
lmcgraffindz,kcowiemf
lmcgraffindz,bcarraneiy
ccowplande0,amuckeen79
ccowplande0,kschirak3v
ccowplande0,mautry10
ccowplande0,rgossagepg
tcottae1,pperutto9s
tcottae1,bpibwortho
tcottae1,awatheyp5
tcottae1,rhiggenpm
tcottae1,ddematteisi
agreatlande3,kaureliusj0
ibalderye4,atonkinsonen
ttruslere5,jwindramg5
ttruslere5,fcaldairour4
ttruslere5,ygoudegq
ttruslere5,oflecknell3x
ttruslere5,cdeaslt
egrinawaye6,lroyste72
egrinawaye6,amcalarneyiv
egrinawaye6,tlicasgv
egrinawaye6,lfigurabu
egrinawaye6,dcallear7q
rvanhallee7,btuttiettf4
rvanhallee7,kszwandt65
rvanhallee7,ncardnolz
jjanowicze8,tdungayhc
jjanowicze8,araltonex
aohartnedyea,cdyshartac
aohartnedyea,asamwyse1p
aohartnedyea,abluschke8r
aohartnedyea,boverington1y
scapesee,spannetto3
scapesee,wletrange8k
scapesee,pescalanteb0
scapesee,awassqt
scapesee,kdibble4q
edickingsef,rbrittlebankre
edickingsef,abricksey6m
edickingsef,revelingkm
edickingsef,slukash7p
lmcatamneyeh,slamasnaaq
lmcatamneyeh,afrancom51
lmcatamneyeh,abalogg9
ccrannellei,mbatyh7
ccrannellei,pfishburnh9
ccrannellei,ckordesqu
ccrannellei,sjoontjesrm
iheadlyek,rlearmont4f
iheadlyek,rtripeanhv
iheadlyek,dcarveraa
dgosnoldem,fbattertonqm
dgosnoldem,hminchentonh1
dgosnoldem,pclearsrk
dgosnoldem,kpeggset
atonkinsonen,tgreatexqd
atonkinsonen,adyballob
atonkinsonen,cvogeleinop
mloyntoneo,wfarensp7
ppatemoreep,hsouthwellfx
ppatemoreep,rburnelmj
ppatemoreep,kbarratpp
ppatemoreep,rspaingowerr0
ppatemoreep,elacrouxgd
dgresleyeq,rsheivelscw
dgresleyeq,enavanrc
hbutenes,aklezmski7k
hbutenes,hbiaggiolih3
hbutenes,cpozziji
hbutenes,sharraway2o
hbutenes,hhiggoen7
kpeggset,larnout47
kpeggset,aminthorpe1l
kpeggset,mvanvelden4n
kpeggset,vcicchetton4
djurisicev,cdugancg
araltonex,aheindrichhf
araltonex,teasbyox
araltonex,aalchink4
araltonex,abuffal
mradsdaleey,mscothernnh
kwheelbandez,ldaintreemi
kwheelbandez,hseverwrightfq
kwheelbandez,cdeaslt
kwheelbandez,sjeffs24
ajanssonf0,broadnightgl
pbattyf1,cshaddock2u
pbattyf1,tphipson8m
pbattyf1,blonghornfn
mcammidgef2,twisedalem
mcammidgef2,bspatarohu
mcammidgef2,vbuscy
lgoffef3,thayhoeof
lgoffef3,ssherland3a
lgoffef3,physloped
btuttiettf4,ibalderye4
btuttiettf4,ofolliottny
btuttiettf4,bshinfield18
asandellsf5,enavanrc
asandellsf5,egrzesiakmg
asandellsf5,pwhitticks7n
asandellsf5,jpridmorelc
joglevief6,alepiscopio32
joglevief6,hspitaror3
joglevief6,scella52
joglevief6,gmcphelimyov
kbockmasterf7,uhatryfb
kbockmasterf7,aream6t
kbockmasterf7,afrancom51
kbockmasterf7,hmattityahou7x
kbockmasterf7,wgoodinsonau
ashahf8,cogleyao
ashahf8,gbusfieldjp
ashahf8,ebertwistlea9
ashahf8,hcurrorc4
dgalgeyf9,esurgeydy
ggreaserfa,flochheadb5
ggreaserfa,cstollenkk
ggreaserfa,gchettleon
mhathornfc,dkrolak8j
mhathornfc,dpassa7
mhathornfc,ncordelettejv
mhathornfc,wjohannessonrn
mhathornfc,mstitt96
gilyinskife,mwedderburnv
gilyinskife,jletteresse7z
cwhaitesfg,cpegrumj5
cwhaitesfg,iseinejx
gseegerfh,afattore61
gseegerfh,lblackdenjs
icleatonfi,cstollenkk
icleatonfi,bwisson83
gfurnissfk,lshute57
gfurnissfk,dgosnoldem
gfurnissfk,wmarciskewskioo
gfurnissfk,hgodboldku
gfurnissfk,twisedalem
ddanzelmanfl,bgimletla
ddanzelmanfl,khuetsonfs
ddanzelmanfl,hmattityahou7x
ddanzelmanfl,bjulyanir
ddanzelmanfl,mgribbella8
rtomasinofm,ajoinsey4b
rtomasinofm,ewurst82
rtomasinofm,kbockmasterf7
blonghornfn,mkibbeegi
blonghornfn,kdibble4q
blonghornfn,clangforth1k
blonghornfn,nmascallhx
anootfo,rtripeanhv
anootfo,tasplando9
anootfo,lfigurabu
anootfo,nsarahng
dgaudenfp,ebertwistlea9
hseverwrightfq,lmalliael
khuetsonfs,bjulyanir
khuetsonfs,bmaddoxeg
khuetsonfs,cphiller6
khuetsonfs,efarghern6
khuetsonfs,pmoulesp8
djurczakft,fbotterellmp
djurczakft,thickeringillr8
djurczakft,mstitt96
djurczakft,wbarnsdallq8
astorrfv,lselbyhl
ahaironfw,cphiller6
ahaironfw,thayhoeof
ahaironfw,pmarshalleck8s
ahaironfw,cshaddock2u
ahaironfw,nissakovcd
hsouthwellfx,jgiannottiow
hsouthwellfx,wokiejk
hsouthwellfx,adrysdale9t
hsouthwellfx,mreisk6f
amainfy,dgoultpf
kleyreg0,cdunmoremc
kleyreg0,amuckeen79
agillbanksg1,lmcgraffindz
agillbanksg1,htremainh0
agillbanksg1,lwyer1s
agillbanksg1,jtregonae2
agillbanksg1,cpegrumj5
hjacobsg3,bblitzko
hjacobsg3,egaynsford6p
hjacobsg3,babada4
ldeveyg4,tmccolelv
ldeveyg4,lcapnori7
jwindramg5,bspatarohu
jwindramg5,rmajurylq
jwindramg5,dfanner5h
cwaggettg6,kbockmasterf7
tsambeckg7,dbalazin15
tsambeckg7,sgrinvaldsqf
wastillg8,iheadlyek
wastillg8,jkunzel87
wastillg8,sarderne1w
wastillg8,dmerveillegh
wastillg8,jretallacklj
abalogg9,neastham8v
lgabbitusga,mkimmonsqe
lgabbitusga,ttruslere5
akettlestringgb,fberndt3
tkiftgc,kschirak3v
tkiftgc,tlawrya
elacrouxgd,eeagar7d
laudryge,cdutnellnx
rbruffgf,ptathacottce
rbruffgf,tasplando9
rbruffgf,dcallear7q
rbruffgf,jwindramg5
rbruffgf,dianinottieu
geggersgg,swhalnv
dmerveillegh,ahawarden37
dmerveillegh,irochester77
dmerveillegh,nmccambrois2x
dmerveillegh,aedlin2e
mkibbeegi,blonghornfn
csamuelgj,dbortolomeipa
lcotongk,gmacian6x
lcotongk,tarmsden7t
lcotongk,hschuler5q
lcotongk,ivanhaeften8y
broadnightgl,ewurst82
broadnightgl,ndruettqj
broadnightgl,dlinggardbi
broadnightgl,rorrah2q
broadnightgl,hschuler5q
syeomangm,lselbyhl
syeomangm,tcastle8n
syeomangm,rfearneley4j
syeomangm,gduddenbj
hagargn,lgabbitusga
aletfordgo,mvuittonbg
mcostargp,banneyjo
mcostargp,hgrebbinol
mcostargp,nmascallhx
ygoudegq,kruffyj7
ygoudegq,mrowlsonpd
ygoudegq,lmathieu5x
jbambroughgr,gduganc1
jbambroughgr,ofarquar9b
jbambroughgr,cwreakia
jbambroughgr,kmavenne
jbambroughgr,abredee50
lditchburngs,jletteresse7z
lditchburngs,gduforeeb
lditchburngs,sharraway2o
lditchburngs,lgabbitusga
lditchburngs,pgilardengo3h
pjothamgt,frylandsq3
pjothamgt,dalburyha
pjothamgt,clanfranconi71
iblissettgu,mmckevinax
iblissettgu,kocklinpw
iblissettgu,sbaleb6
iblissettgu,cwhaitesfg
iblissettgu,mkalkerdx
tlicasgv,asamwyse1p
tlicasgv,sraigatt54
alathangw,jpridmorelc
alathangw,mkimmonsqe
alathangw,belix29
gnesterovgx,flintonhw
gnesterovgx,dpetronisrf
baskellgy,aasee6g
baskellgy,vcicchetton4
baskellgy,gcurr67
sleechgz,vcaird6d
sleechgz,egoodswenp
sleechgz,fsokell9y
htremainh0,cchetwynd6c
hminchentonh1,hmcinultyim
hminchentonh1,dkobu2b
hminchentonh1,clangforth1k
hminchentonh1,mmasurel1e
hminchentonh1,lsigginsah
kjiroutekh2,aivchenkoh4
kjiroutekh2,mphetheankq
kjiroutekh2,gduddenbj
hbiaggiolih3,mphalip2m
hbiaggiolih3,jcundyq1
hbiaggiolih3,lsigginsah
hbiaggiolih3,wjohannessonrn
hbiaggiolih3,pscimonellimk
aivchenkoh4,mcostargp
aivchenkoh4,dmussonj6
aivchenkoh4,mbatyh7
aivchenkoh4,lquinet27
aivchenkoh4,dalbany1t
fmabenh6,grutern5
fmabenh6,iwhannel2w
fmabenh6,asoutheranp3
mbatyh7,adyballob
mbatyh7,gtandyd2
mbatyh7,ttoler2k
mbatyh7,kbaymanap
mbatyh7,tmetcalfr1
ebengleh8,dbortolomeipa
ebengleh8,syouhill5m
ebengleh8,jcarryer8t
dalburyha,tlamborneak
tdungayhc,rgherardi17
tdungayhc,jbirkheadqg
tdungayhc,araltonex
tdungayhc,cnathan7e
prentcomehd,lgabbitusga
prentcomehd,djurczakft
sredmondhe,wnewingoh
sredmondhe,cmastertonmx
sredmondhe,wmillichapjf
sredmondhe,tsambeckg7
rsmithemanhg,uhatryfb
rsmithemanhg,gkordt4c
rsmithemanhg,jtregonae2
rsmithemanhg,bleppingwelllk
rsmithemanhg,aelcoate40
ctatnellhh,ttoler2k
ctatnellhh,coheffernankf
ctatnellhh,fhugek7
edibiagihi,mscothernnh
edibiagihi,ggludorbn
edibiagihi,ojiroutkaby
egarberhj,oslefordos
egarberhj,abredee50
rgregorinhk,djagsono2
rgregorinhk,eivanichevcb
lselbyhl,scorderobr
lselbyhl,ssprouln
lselbyhl,gduforeeb
lselbyhl,tmcskin1n
trangellhm,kriepel19
trangellhm,icroll2f
trangellhm,jpiscofd
mnertneyhn,dgalgeyf9
mnertneyhn,kwillson7a
mnertneyhn,sbeardsworth69
mnertneyhn,khartwrightnu
atembridgeho,hcuncliffekw
atembridgeho,hsouthwellfx
dgoodredgehp,khuccaby6s
fcowmeadowhq,kcowiemf
jivanhr,dwordennd
jivanhr,lseatterjl
jternenths,mmonteitha3
jternenths,jgellettfz
bpaffittht,dgresleyeq
bspatarohu,mgulliventml
bspatarohu,mscothernnh
bspatarohu,dbrobyn5w
bspatarohu,ofarquar9b
bspatarohu,ibabedd
rtripeanhv,lcradockiq
rtripeanhv,ljarrelt5r
rtripeanhv,cpeasgood49
flintonhw,ppatemoreep
flintonhw,hriddlein
nmascallhx,dheafordda
nmascallhx,dbloodworthec6
nmascallhx,gbusfieldjp
edawsonhy,dkrolak8j
edawsonhy,ehastin2g
edawsonhy,bmcdermottrowcj
edawsonhy,gjanousekiw
edawsonhy,prentcomehd
dgoundsyhz,vbuscy
dgoundsyhz,doki2z
dgoundsyhz,clamckenc3
dgoundsyhz,iseinejx
rconnelli0,revelingkm
rconnelli0,bsalzburg86
rconnelli0,dgreening4k
rconnelli0,cberrie93
driggerti1,csamuelgj
driggerti1,mpondjones6i
hflippeni2,cphiller6
hflippeni2,mwarriner42
hflippeni2,dbazeley8g
cpinarei3,mkimmonsqe
cpinarei3,rclemmensenqx
ipatinkini5,scorderobr
ipatinkini5,khowfordm4
egodsali6,prentcomehd
egodsali6,sveitch4g
egodsali6,icleatonfi
egodsali6,edickingsef
lcapnori7,cdyshartac
lcapnori7,lcastellini1c
lcapnori7,gduganc1
gsulllyi8,ashahf8
gsulllyi8,ibabedd
gsulllyi8,lleatt59
tdisleei9,ameighr6
tdisleei9,mgarrandae
tdisleei9,pmariault68
dmalletrattib,gmaulden3u
dmalletrattib,ssherland3a
dmalletrattib,bgerardot4h
telwellic,cnetley6r
telwellic,craspelr2
telwellic,mfuzzardpo
bcapaldiid,nbelly70
bcapaldiid,rclemmensenqx
bcapaldiid,zdengelmm
bcapaldiid,lduckeroc
bcapaldiid,aivchenkoh4
cmackerelie,tdinis36
cmackerelie,fbotterellmp
jluckmanif,fharder6v
jluckmanif,toliveya1
jluckmanif,ddunstan35
jluckmanif,mgarrandae
jluckmanif,dtanner9q
ngilardiig,aivchenkoh4
ngilardiig,dwordennd
mwrotchfordih,bmaddoxeg
bbessentij,rexrolns
bbessentij,hidelk0
bbessentij,hremonc8
bbessentij,gjanousekiw
fgerlackik,rconnelli0
awasielail,dissard2s
awasielail,cvogeleinop
awasielail,physloped
hmcinultyim,nbeardow8w
mfilpoio,cgioanipv
mfilpoio,mcrowderpt
mfilpoio,mbradden3q
mfilpoio,ajoinsey4b
mpidgeonip,mdawidowskyq2
mpidgeonip,bbescoby1d
lcradockiq,hborgnekb
bjulyanir,gcurr67
bjulyanir,bshinfield18
bjulyanir,dtrevaskiss9e
bjulyanir,tvinternp
svaissiereis,hgodboldku
lragdaleit,lgabbitusga
lragdaleit,amusprattpx
lragdaleit,wjanowski80
lragdaleit,emctrusteypi
lragdaleit,egaynsford6p
dcouperiu,bpaffittht
dcouperiu,rtuffield2h
gjanousekiw,kbedding6e
gjanousekiw,atildesleyja
gjanousekiw,mcrichten76
gjanousekiw,bwestreyj8
bendrighiix,kmacfadin95
bcarraneiy,lcradockiq
bcarraneiy,ygoudegq
kaureliusj0,cwyvill56
kaureliusj0,sveitch4g
kaureliusj0,olindmanx
kaureliusj0,eeagar7d
kaureliusj0,bsiggens4e
ibrichamj1,dmaclleesecz
ibrichamj1,adyballob
mbalnavesj2,flochheadb5
mbalnavesj2,ebengleh8
mbalnavesj2,jandrosiker
mbalnavesj2,glarsd3
mbalnavesj2,efazzioli81
akeesj3,dcarveraa
akeesj3,momeara4r
akeesj3,aglovesjy
kcaulierj4,aalchink4
kcaulierj4,pbattyf1
kcaulierj4,rcarmeh5
cpegrumj5,phargreaves8p
cpegrumj5,eallward5u
cpegrumj5,clangforth1k
cpegrumj5,mdawidowskyq2
cpegrumj5,mdudnypq
dmussonj6,orhodes90
dmussonj6,kskeats58
dmussonj6,lsim3t
dmussonj6,mvuittonbg
dmussonj6,ccuredalejr
kruffyj7,mwrotchfordih
kruffyj7,lduckeroc
kruffyj7,asighard1o
bwestreyj8,lluesley98
bwestreyj8,mboykett1f
bwestreyj8,ffermorqw
bwestreyj8,gfurnissfk
bwestreyj8,eleopardqp
atildesleyja,nbelly70
atildesleyja,ckordesqu
atildesleyja,laudryge
ssigginsjb,jkissell1v
ssigginsjb,khebard7l
ssigginsjb,rtripeanhv
ssigginsjb,hscoular1q
witzkovskyjc,gchettleon
witzkovskyjc,sveltmannbz
witzkovskyjc,mstitt96
witzkovskyjc,lpaget3g
tgabbitisjd,htremainh0
tgabbitisjd,dstigglesdv
tgabbitisjd,mcullinke
tgabbitisjd,rwomackme
tgabbitisjd,bbessentij
bagusje,vtorriqo
bagusje,abricksey6m
bagusje,hbutenes
bagusje,jwortscp
wmillichapjf,dbradnickdw
wmillichapjf,cpask3m
wmillichapjf,rclemmensenqx
kjakubowiczjg,btuttiettf4
kjakubowiczjg,lkeslakel5
kjakubowiczjg,ajanssonf0
kjakubowiczjg,lcosterdj
kjakubowiczjg,rlabatlx
bworgenjh,apetrulis2v
bworgenjh,khuccaby6s
cpozziji,bpaffittht
cpozziji,drudsdellmy
cpozziji,aodennehydn
cpozziji,cstollenkk
sdumbletonjj,uhatryfb
sdumbletonjj,ccowplande0
sdumbletonjj,mbradden3q
wokiejk,twisedalem
wokiejk,kbockmasterf7
ljacobsohnjn,cselewayoi
ljacobsohnjn,hgwynno1
ljacobsohnjn,bmacnamee1
ljacobsohnjn,cconeybeero8
ljacobsohnjn,anevisonbw
banneyjo,lquinet27
banneyjo,wletrange8k
banneyjo,fcoulthardo6
banneyjo,esibray2
banneyjo,jjanowicze8
kgriffoenjq,tcroshamnr
kgriffoenjq,qgrzegorzewskimr
ccuredalejr,nbelly70
ccuredalejr,amacgeeql
ccuredalejr,gzupo6a
ccuredalejr,wwardlowqa
ccuredalejr,lnicklenld
lblackdenjs,sdekneveto4
msheildsjt,lcardenasm3
msheildsjt,bpibwortho
msheildsjt,gsulllyi8
ncordelettejv,ifullwood3c
ncordelettejv,jwortscp
ncordelettejv,dbalazin15
ncordelettejv,aqueenborough7w
ncordelettejv,acaldero75
avinterjw,ptathacottce
avinterjw,jretallacklj
avinterjw,pbattyf1
avinterjw,mfrancesco5e
avinterjw,akeesj3
aglovesjy,kmarcumoy
aglovesjy,bmusheto5
hidelk0,uhatryfb
hidelk0,cjozsaqn
cmethuenk1,ccowplande0
cmethuenk1,awatheyp5
cmethuenk1,wwint73
cmethuenk1,dcarveraa
bcromettk2,cdutnellnx
bcromettk2,clamckenc3
tgatrillk3,banthoinnq
tgatrillk3,sjeffs24
kwilmotk5,aodennehydn
kwilmotk5,wswash48
rdevoyk6,bduchartbx
rdevoyk6,lbygreavesa5
fhugek7,wastillg8
fhugek7,awestleyoz
fhugek7,tgabbitisjd
mcrollmank8,sdumbletonjj
mcrollmank8,bclemenzih
mcrollmank8,bskingle3j
mcrollmank8,fakrigg3i
mpeerska,kpeggset
mpeerska,ceuesdenrg
ebrutonkc,scapesee
ebrutonkc,scastonod
ebrutonkc,gscotsbrookdi
gcheavinkd,aivchenkoh4
gcheavinkd,bquarrington4a
gcheavinkd,alathangw
gcheavinkd,lquinet27
gcheavinkd,bleppingwelllk
mcullinke,iblissettgu
mcullinke,edawsonhy
coheffernankf,agreatlande3
tmasterskg,jsimonoug2
tmasterskg,bachurchkh
bachurchkh,lmathieu5x
bachurchkh,icroll2f
bachurchkh,bblencoeni
bachurchkh,ebertwistlea9
scolbeckkj,ccredlandb3
scolbeckkj,tcottae1
scolbeckkj,mkimmonsqe
scolbeckkj,jdellenty2i
scolbeckkj,cpinarei3
cstollenkk,tderycot8b
revelingkm,mgarrandae
revelingkm,lteague1m
revelingkm,lquinet27
revelingkm,bquarrington4a
kleckykn,zwitchallsn2
kleckykn,abredee50
kleckykn,czapaterooq
kleckykn,tlawrya
kleckykn,dgoodredgehp
bblitzko,cfisby3p
ldamatokp,rbruffgf
ldamatokp,cfookesp0
ldamatokp,babada4
mphetheankq,afrancom51
mphetheankq,gallot2p
mphetheankq,sdeganat
mphetheankq,tromaynesde
mweightmanks,hbiaggiolih3
mweightmanks,aohartnedyea
mweightmanks,kgandersci
bbarliekt,dbazeley8g
bbarliekt,dkrolak8j
bbarliekt,amcgilbon1i
bbarliekt,hrollings9k
bbarliekt,ccrannellei
acobbkv,dmerveillegh
acobbkv,apearcymo
acobbkv,bdowd6
acobbkv,coheffernankf
acobbkv,mgribbella8
hcuncliffekw,jgrushin4
fmacguffogkx,dtroyesdb
fmacguffogkx,mhathornfc
fmacguffogkx,thickeringillr8
kdeeslykz,gcheavinkd
gchildsl0,rmajurylq
gchildsl0,asoutheranp3
gchildsl0,lyeowellqy
gchildsl0,tmasterskg
ngrafoml1,abuffal
ngrafoml1,mdawidowskyq2
jmcgalll3,cewingsra
jmcgalll3,bpaffittht
jmcgalll3,hborgnekb
jmcgalll3,kbasketfield16
cmclugishl4,mphetheankq
cmclugishl4,tkiftgc
cmclugishl4,hbiaggiolih3
cmclugishl4,rbarstow85
lkeslakel5,dsmithermanbv
lkeslakel5,fsokell9y
lkeslakel5,afrancom51
lkeslakel5,jmorrowebd
cgowriel6,rgherardi17
cgowriel6,ceverall14
zpeticanl7,cmacenellyd5
zpeticanl7,gchildsl0
zpeticanl7,jjanowicze8
zpeticanl7,awalklate5p
jdunkinsonl9,wjohannessonrn
bgimletla,crobkemd
opietsmalb,bmaddoxeg
lnicklenld,lfigurabu
tmcgillecolele,banneyjo
tmcgillecolele,nlevitt7c
aeldredlf,sjamesab
aeldredlf,amaudettma
amayhewli,sdeganat
amayhewli,twisedalem
jretallacklj,jdanielsbh
bleppingwelllk,dgreening4k
bleppingwelllk,omeredithn9
dwormleightonll,bblencoeni
jkingslm,gtonbye9j
bcornehllo,mbaggalley2r
bcornehllo,bblitzko
bcornehllo,aruleb2
bcornehllo,esurgeydy
sloundlp,lditchburngs
sloundlp,jjanowicze8
sloundlp,akernar94
sloundlp,ccowplande0
jhilhouselr,mloyntoneo
jhilhouselr,egoodswenp
jhilhouselr,lgabbitusga
jhilhouselr,hkira5g
emayzels,jsimonoug2
emayzels,acobbkv
jairtonlu,ldamatokp
jairtonlu,rgossagepg
jairtonlu,bleppingwelllk
jairtonlu,asoutheranp3
jairtonlu,aschwierpn
tmccolelv,awalklate5p
tmccolelv,bquarterman4s
tmccolelv,bmaddoxeg
tmccolelv,cpatria9u
tmccolelv,cpozziji
bwilelw,klyardmv
rlabatlx,cphiller6
rlabatlx,kleckykn
gclynmanly,hbutenes
gclynmanly,pmoulesp8
ncardnolz,mkelsey60
ncardnolz,tkiftgc
swetherickm0,dmacleod89
mpasekm1,tkiftgc
mpasekm1,lfigurabu
mpasekm1,mphalip2m
mpasekm1,bshinfield18
mpasekm1,cwreakia
fflitcroftm2,pendecott5b
fflitcroftm2,echaplyn8l
fflitcroftm2,aedlin2e
fflitcroftm2,jairtonlu
lcardenasm3,omeredithn9
lcardenasm3,taleksandreva6
khowfordm4,ehinckesoj
khowfordm4,rtripeanhv
sagutterm5,bcapaldiid
sagutterm5,cmctavype
sagutterm5,gkinton1z
sagutterm5,myorkhb
afreethm6,grenault5d
afreethm6,mveivers6z
afreethm6,agibbard45
afreethm6,dstathersec
sfrickeym8,aivchenkoh4
sfrickeym8,araltonex
sfrickeym8,bbalint7
cberwickm9,ibabedd
amaudettma,wboissierp2
amaudettma,klyardmv
pmewmb,plillimanpb
pmewmb,adanielsohndh
pmewmb,syeomangm
pmewmb,mgulliventml
pmewmb,cmclugishl4
rwomackme,nissakovcd
rwomackme,cmctavype
rwomackme,bworgenjh
kcowiemf,ekubickich
kcowiemf,sjeffs24
egrzesiakmg,sarderne1w
egrzesiakmg,syouhill5m
egrzesiakmg,lnicklenld
ldaintreemi,xbrinem7
ldaintreemi,prentcomehd
ldaintreemi,ctatnellhh
ldaintreemi,fstearn8h
rburnelmj,eburdassno
pscimonellimk,mkelsey60
pscimonellimk,sgreenside44
pscimonellimk,ldaintreemi
pscimonellimk,hmorphet43
mgulliventml,wgoodinsonau
mgulliventml,gclynmanly
mgulliventml,ccuredalejr
mgulliventml,crobkemd
zdengelmm,hlarimerdk
apearcymo,fcoulthardo6
apearcymo,lsmeathq0
vjensonmq,wjohannessonrn
vjensonmq,jbickerd8
vjensonmq,ookeaveny6k
vjensonmq,icleatonfi
vjensonmq,rfearneley4j
qgrzegorzewskimr,enellies46
qgrzegorzewskimr,bbessentij
qgrzegorzewskimr,gscotsbrookdi
qgrzegorzewskimr,ssprouln
qgrzegorzewskimr,vjensonmq
dmcgranems,mwrotchfordih
dmcgranems,gsyce4l
dmcgranems,mnertneyhn
dmcgranems,cdyshartac
omelanmt,ahawarden37
fstandfieldmu,mfilpoio
fstandfieldmu,rskone1h
fstandfieldmu,dwordennd
fstandfieldmu,hmorphet43
ccavendishmw,gvasichev99
ccavendishmw,kgriffoenjq
ccavendishmw,dfantone25
ccavendishmw,cmethuenk1
ccavendishmw,cokinneallyii
cmastertonmx,elucchico
drudsdellmy,grutern5
drudsdellmy,akenningtonr5
drudsdellmy,atembridgeho
drudsdellmy,gduddenbj
drudsdellmy,fcowmeadowhq
rabbattmz,tphipson8m
rabbattmz,mgatelandn3
rabbattmz,hmorphet43
bgallen0,ibalderye4
bgallen0,apetrulis2v
bgallen0,htremainh0
bgallen0,sharraway2o
hclousleyn1,dtanner9q
mgatelandn3,hbutenes
mgatelandn3,mkibbeegi
mgatelandn3,agibbard45
mgatelandn3,dgresleyeq
vcicchetton4,doki2z
vcicchetton4,dgoodburnl
vcicchetton4,trangellhm
vcicchetton4,mnertneyhn
vcicchetton4,gmcphelimyov
grutern5,ifullwood3c
efarghern6,mphelipeaux9f
hhiggoen7,mrowlsonpd
hhiggoen7,kcowiemf
hhiggoen7,mrizzinib4
hhiggoen7,mkemmishan
hchamberlainn8,ebarkhousel
omeredithn9,ehicken9d
clinayna,aedwins9m
clinayna,nsemens9w
clinayna,jtregonae2
clinayna,mveivers6z
mjudgenb,nmascallhx
mjudgenb,eoakton9n
mjudgenb,jgiannottiow
ttorrentnc,abuffal
ttorrentnc,bworgenjh
dwordennd,edickingsef
dwordennd,etocherd1
mguicenf,mcouvertpz
mguicenf,rtomasinofm
mguicenf,bendrighiix
nsarahng,djagsono2
nsarahng,rgossagepg
nsarahng,pwalasq4
nsarahng,mreisk6f
mscothernnh,ggiacubboq5
mscothernnh,lhiersl2
bblencoeni,bcromettk2
kkasnj,tmcskin1n
rstatefieldnk,kmarcussenca
rstatefieldnk,tcroshamnr
rstatefieldnk,jpiscofd
rstatefieldnk,emctrusteypi
hborlesnm,rabbattmz
mburehillnn,eboothmanps
mburehillnn,ajoinsey4b
mburehillnn,tbote21
mburehillnn,vjensonmq
mburehillnn,bcapaldiid
eburdassno,omelanmt
eburdassno,bblencoeni
eburdassno,ahawarden37
eburdassno,tdungayhc
eburdassno,sbellwood4o
tvinternp,gvasichev99
tvinternp,mmarchenkobf
tvinternp,jkunzel87
banthoinnq,aheindrichhf
banthoinnq,bdowd6
banthoinnq,hcuncliffekw
banthoinnq,ameighr6
tcroshamnr,mkimmonsqe
tcroshamnr,syeomangm
tcroshamnr,tbertomieroe
rexrolns,bendrighiix
rmcgrannnt,kleckykn
rmcgrannnt,dfeldmusqv
rmcgrannnt,tkatzmannln
rmcgrannnt,dgresleyeq
khartwrightnu,ddanzelmanfl
khartwrightnu,gthamelt2n
swhalnv,esuttelldl
swhalnv,gzupo6a
swhalnv,kcaulierj4
pclemersonnw,llanchberry1x
pclemersonnw,cjinksb8
pclemersonnw,mdawidowskyq2
gpesterfieldnz,agreatlande3
maudiberto0,acotesa2
hgwynno1,sloundlp
hgwynno1,cjozsaqn
hgwynno1,cwhaitesfg
hgwynno1,rgossagepg
djagsono2,dcarveraa
djagsono2,sagutterm5
djagsono2,bgerardot4h
djagsono2,mrizzinib4
spannetto3,hclarabut7g
sdekneveto4,gallot2p
sdekneveto4,aalchink4
sdekneveto4,pglencroschek
bmusheto5,mswaden3e
bmusheto5,dpatterson62
bmusheto5,laudryge
bmusheto5,cwildmancx
bmusheto5,mberisfordag
fcoulthardo6,dtrevaskiss9e
fcoulthardo6,khuccaby6s
fcoulthardo6,jivanhr
fcoulthardo6,dlinggardbi
cconeybeero8,rlabba26
cconeybeero8,qgrzegorzewskimr
cconeybeero8,etocherd1
tasplando9,ttorrentnc
tasplando9,bgimletla
tasplando9,bquarrington4a
tasplando9,rvanhallee7
tasplando9,anevisonbw
bioanoa,araltonex
bioanoa,lcastellini1c
adyballob,ebertwistlea9
lduckeroc,awasselin38
scastonod,gclynmanly
thayhoeof,araltonex
thayhoeof,iwhannel2w
thayhoeof,lclawjz
thayhoeof,pstuck3z
thayhoeof,bbedboroughju
aheinkeog,toliveya1
aheinkeog,dtrevaskiss9e
wnewingoh,cchetwynd6c
wnewingoh,hmaccahee31
cselewayoi,dgalgeyf9
cselewayoi,baskellgy
ehinckesoj,tasplando9
ehinckesoj,dgalgeyf9
gstrongeok,stear1r
gstrongeok,kaureliusj0
gstrongeok,cmacenellyd5
hgrebbinol,dgoncaves7s
hgrebbinol,bworgenjh
hgrebbinol,fcaldairour4
hgrebbinol,agreatlande3
hgrebbinol,tkiftgc
vwaiteom,dgoultpf
vwaiteom,mkalkerdx
vwaiteom,gjosskowitzbe
gchettleon,cmethuenk1
wmarciskewskioo,icroll2f
wmarciskewskioo,djagsono2
wmarciskewskioo,dradmercf
wmarciskewskioo,kszwandt65
cvogeleinop,kaureliusj0
lbricknellor,tgabbitisjd
lbricknellor,dfantone25
lbricknellor,kwilmotk5
oslefordos,ameighr6
oslefordos,ndruettqj
oslefordos,smangioncl
oslefordos,tsambeckg7
oslefordos,kriddallk9
bamyot,lselbyhl
jwallisou,mbathe
jwallisou,xbrinem7
jwallisou,mmcilveen5l
gmcphelimyov,mwedderburnv
gmcphelimyov,mphelipeaux9f
gmcphelimyov,wswash48
gmcphelimyov,kmavenne
gmcphelimyov,lzapaterobo
teasbyox,larnout47
teasbyox,ahawarden37
teasbyox,sweldeny
awestleyoz,dbradnickdw
awestleyoz,ssherland3a
awestleyoz,eallward5u
awestleyoz,awassqt
cfookesp0,physloped
cfookesp0,scapesee
cfookesp0,kbasketfield16
tgabottip1,hcuncliffekw
asoutheranp3,chollidgeba
asoutheranp3,fgosford91
chairyesp4,mcostargp
chairyesp4,awasselin38
chairyesp4,mkemmishan
chairyesp4,klyardmv
chairyesp4,cpozziji
gtolussip6,ptuffield0
gtolussip6,mbathe
gtolussip6,awassqt
gtolussip6,tmetcalfr1
wfarensp7,icleatonfi
lgoaterpc,msisselot5o
lgoaterpc,eberg9p
lgoaterpc,kocklinpw
lgoaterpc,mpondjones6i
mrowlsonpd,cdutnellnx
mrowlsonpd,cdunmoremc
mrowlsonpd,nstearnsrr
dgoultpf,jgiannottiow
dgoultpf,edickingsef
dgoultpf,abuffal
dgoultpf,dheafordda
rgossagepg,hborlesnm
rgossagepg,ehinckesoj
gkeepinph,cdeaslt
gkeepinph,kdibble4q
gkeepinph,syeomangm
gkeepinph,lsigginsah
gkeepinph,acaldero75
emctrusteypi,baskellgy
emctrusteypi,tlamborneak
emctrusteypi,ebarkhousel
cpauwelpj,kbarratpp
cpauwelpj,cbillettcc
eharlowpk,kleyreg0
eharlowpk,bskingle3j
daharonipl,rbruffgf
rhiggenpm,esurgeydy
rhiggenpm,pwalasq4
mfuzzardpo,channibalew
mfuzzardpo,mvuittonbg
kbarratpp,ldeveyg4
kbarratpp,syouhill5m
mdudnypq,bshinfield18
eboothmanps,hseverwrightfq
eboothmanps,dlinggardbi
mcrowderpt,tkiftgc
mcrowderpt,pglencroschek
dhunepu,cmastertonmx
dhunepu,awestleyoz
dhunepu,amacgeeql
cgioanipv,tdisleei9
cgioanipv,bskingle3j
kocklinpw,abraybrooke6q
kocklinpw,chyett23
amusprattpx,lmcgraffindz
amusprattpx,kcowiemf
amusprattpx,boverington1y
amusprattpx,daharonipl
amusprattpx,lshute57
afrancklynpy,tmanilop9
afrancklynpy,kjakubowiczjg
afrancklynpy,cnetley6r
afrancklynpy,bguerriero3s
afrancklynpy,rdevoyk6
mcouvertpz,wokiejk
mcouvertpz,sjoontjesrm
lsmeathq0,pmoulesp8
lsmeathq0,kwheelbandez
lsmeathq0,rjeanequin7u
lsmeathq0,bquarterman4s
lsmeathq0,jretallacklj
jcundyq1,eivanichevcb
mdawidowskyq2,bchevertonf
mdawidowskyq2,favraamqc
mdawidowskyq2,clinayna
mdawidowskyq2,jhilhouselr
mdawidowskyq2,lpowell34
frylandsq3,dmussonj6
frylandsq3,icroll2f
ggiacubboq5,egoodswenp
ggiacubboq5,sweldeny
ggiacubboq5,jsimonoug2
ggiacubboq5,bcarraneiy
ggiacubboq5,bduchartbx
mteodoriq6,ceverall14
ayanneq7,rburnelmj
ayanneq7,lsanchisbk
ayanneq7,cdeaslt
ayanneq7,tfraniak6o
ayanneq7,jkunzel87
wbarnsdallq8,lragdaleit
wbarnsdallq8,gbusfieldjp
wbarnsdallq8,eburdassno
wbarnsdallq8,mwrotchfordih
gemblingq9,hlarimerdk
gemblingq9,jretallacklj
gemblingq9,lmcatamneyeh
wwardlowqa,cgowriel6
favraamqc,bwisson83
tgreatexqd,kleithharvey22
tgreatexqd,dgoodburnl
mkimmonsqe,clamckenc3
sgrinvaldsqf,emayzels
sgrinvaldsqf,imorrissj9
sgrinvaldsqf,dalbany1t
sgrinvaldsqf,wballham3n
sgrinvaldsqf,tcastle8n
jbirkheadqg,cwaggettg6
tharnesqh,bpibwortho
tharnesqh,ibrichamj1
rtomichqi,rorrin4x
rtomichqi,tlicasgv
ndruettqj,dgoncaves7s
ndruettqj,dmalletrattib
ndruettqj,gchildsl0
dhugeninqk,dmackain9h
dhugeninqk,nsemens9w
dhugeninqk,ddematteisi
dhugeninqk,nlevitt7c
amacgeeql,zpeticanl7
amacgeeql,efilippello3o
fbattertonqm,tcoper4w
fbattertonqm,btowndrow6h
fbattertonqm,lbygreavesa5
fbattertonqm,helnaughg
vtorriqo,vgaskindg
vtorriqo,cstollenkk
vtorriqo,fleroy97
vtorriqo,hmorphet43
eleopardqp,tlawrya
eleopardqp,dalbany1t
msnareqq,prentcomehd
msnareqq,lmalliael
msnareqq,bamyot
msnareqq,cdeaslt
msnareqq,jivanhr
htoynbeeqs,aelcoate40
htoynbeeqs,jtwelftreerp
htoynbeeqs,cmackerelie
htoynbeeqs,bslocket4t
htoynbeeqs,dbrobyn5w
awassqt,gchettleon
awassqt,pclearsrk
awassqt,edawsonhy
awassqt,nbelly70
awassqt,kruffyj7
ckordesqu,kkrabbelh
ckordesqu,hborgnekb
ckordesqu,fleroy97
dfeldmusqv,hclousleyn1
ffermorqw,amuckeen79
rclemmensenqx,doki2z
rclemmensenqx,rhiggenpm
rclemmensenqx,drudsdellmy
lyeowellqy,tasplando9
lyeowellqy,hminchentonh1
alambournqz,bagusje
alambournqz,dgreening4k
alambournqz,dgoodredgehp
alambournqz,ccorbett8q
alambournqz,cpatria9u
rspaingowerr0,rgregorinhk
rspaingowerr0,ebarkhousel
rspaingowerr0,wfarensp7
rspaingowerr0,hclarabut7g
tmetcalfr1,eharlowpk
tmetcalfr1,zcaldwell9l
tmetcalfr1,btowndrow6h
tmetcalfr1,amcalarneyiv
craspelr2,flintonhw
craspelr2,cstollenkk
hspitaror3,dgresleyeq
fcaldairour4,agibbard45
fcaldairour4,nbelly70
akenningtonr5,pbattyf1
akenningtonr5,vcaird6d
akenningtonr5,momeara4r
akenningtonr5,coheffernankf
akenningtonr5,jternenths
ameighr6,kwheelbandez
ameighr6,lmckeranc0
ameighr6,akettlestringgb
ameighr6,gkordt4c
ahewr7,ehicken9d
ahewr7,dwordennd
thickeringillr8,kwheelbandez
thickeringillr8,kcudbertsonfu
thickeringillr8,bioanoa
kfoner9,lcastellini1c
kfoner9,asamwyse1p
cewingsra,ccavendishmw
cewingsra,rtripeanhv
cewingsra,neastham8v
cewingsra,lroyste72
enavanrc,tmasterskg
enavanrc,qveroniquecs
enavanrc,iseinejx
rguierrerd,grenault5d
rguierrerd,dmcgranems
rguierrerd,acaldero75
rguierrerd,dbarracks3w
rbrittlebankre,ojayume8f
rbrittlebankre,dkobu2b
rbrittlebankre,pgilardengo3h
rbrittlebankre,wjeavesrl
rbrittlebankre,kcaulierj4
dpetronisrf,cwaggettg6
dpetronisrf,bioanoa
ceuesdenrg,ifullwood3c
ceuesdenrg,dlinggardbi
bbetancourtrh,tdalgarno8a
bbetancourtrh,kleyreg0
bbetancourtrh,rhiggenpm
bbetancourtrh,amayhewli
bbetancourtrh,taleksandreva6
ekeattchri,nconniam9o
llindsellrj,jdanielsbh
llindsellrj,dgalgeyf9
llindsellrj,cphiller6
pclearsrk,fcoulthardo6
pclearsrk,jivanhr
pclearsrk,gstrongeok
wjeavesrl,amcgilbon1i
wjeavesrl,ghayley11
wjeavesrl,dgoncaves7s
wjeavesrl,hchamberlainn8
sjoontjesrm,tdabnotc7
sjoontjesrm,tizard7r
wjohannessonrn,teasbyox
bgrangero,ahamel92
jtwelftreerp,ccawserq
jtwelftreerp,abricksey6m
ccawserq,gnesterovgx
ccawserq,ccrannellei
nstearnsrr,agillbanksg1
nstearnsrr,kdearth8
nstearnsrr,bcarraneiy
nstearnsrr,ssherland3a
ptuffield0,nllorenteo7
ptuffield0,gilyinskife
ptuffield0,lheld3l
ptuffield0,aivchenkoh4
ptuffield0,gseegerfh
bmacnamee1,afrancom51
bmacnamee1,frylandsq3
bmacnamee1,wballham3n
bmacnamee1,tdungayhc
bmacnamee1,hremonc8
fberndt3,vwaiteom
fberndt3,aream6t
jgrushin4,echaplyn8l
jgrushin4,ceuesdenrg
sluke5,swetherickm0
cphiller6,amuckeen79
cphiller6,ckordesqu
bbalint7,lquinet27
bbalint7,jacland41
bbalint7,cwalkingshawd0
bbalint7,zdengelmm
kdearth8,eoakton9n
dmccall9,fcaldairour4
dmccall9,gdankersley20
dmccall9,dfalconbridge8d
tlawrya,cberwickm9
tlawrya,eivanichevcb
tlawrya,jkissell1v
tlawrya,amusprattpx
lestoileb,ndruettqj
lestoileb,abraybrooke6q
khattiganc,kleckykn
fmccartand,mloyntoneo
fmccartand,ppoter55
fmccartand,cmacenellyd5
bchevertonf,adanielsohndh
helnaughg,hremonc8
helnaughg,kmacfadin95
ddematteisi,aelcoate40
ddematteisi,jburnittdj
ddematteisi,tgatrillk3
ddematteisi,cjelly3d
lcosterdj,mpolotticv
lcosterdj,ccavendishmw
lcosterdj,edawsonhy
pglencroschek,ggludorbn
pglencroschek,egrzesiakmg
pglencroschek,tmasterskg
ebarkhousel,dleyman13
ebarkhousel,avinterjw
ebarkhousel,rskone1h
ebarkhousel,dthackeray7m
twisedalem,mfrancesco5e
twisedalem,toliveya1
twisedalem,sfinnigandf
twisedalem,tmetcalfr1
twisedalem,chulle7f
ssprouln,egaynsford6p
egoodswenp,lbringloedu
egoodswenp,whegertyw
egoodswenp,tmanilop9
egoodswenp,goventon1b
egoodswenp,rexrolns
rkilroyq,ssigginsjb
gbassonr,qveroniquecs
pfyness,llerner5a
pfyness,jkingslm
