web-scraper-order,web-scraper-start-url,clickTitoli,clickTitoli-href,Title,Rate,Date,Description,Image-src
"1575477037-149","https://www.imdb.com/chart/moviemeter/?ref_=nv_mv_mpm","Good Boys","https://www.imdb.com/title/tt7343762/?pf_rd_m=A2FGELUUNOQJNL&pf_rd_p=ea4e08e1-c8a3-47b5-ac3a-75026647c16e&pf_rd_r=495EYDSA8662H5W48FYS&pf_rd_s=center-1&pf_rd_t=15506&pf_rd_i=moviemeter&ref_=chtmvm_tt_52","Good Boys (2019)","6.7","16 August 2019 (USA)","Invited to his first kissing party, 12-year-old Max asks his best friends Lucas and Thor for some much-needed help on how to pucker up. When they hit a dead end, Max decides to use his father's drone to spy on the teenage girls next door. When the boys lose the drone, they skip school and hatch a plan to retrieve it before Max's dad can figure out what happened.","https://m.media-amazon.com/images/M/MV5BMTc1NjIzODAxMF5BMl5BanBnXkFtZTgwMTgzNzk1NzM@._V1_UX182_CR0,0,182,268_AL_.jpg"
"1575476998-131","https://www.imdb.com/chart/moviemeter/?ref_=nv_mv_mpm","Harry Potter and the Sorcerer's Stone","https://www.imdb.com/title/tt0241527/?pf_rd_m=A2FGELUUNOQJNL&pf_rd_p=ea4e08e1-c8a3-47b5-ac3a-75026647c16e&pf_rd_r=495EYDSA8662H5W48FYS&pf_rd_s=center-1&pf_rd_t=15506&pf_rd_i=moviemeter&ref_=chtmvm_tt_70","Harry Potter and the Sorcerer's Stone (2001)","7.6","16 November 2001 (USA)","This is the tale of Harry Potter (Daniel Radcliffe), an ordinary eleven-year-old boy serving as a sort of slave for his aunt and uncle who learns that he is actually a wizard and has been invited to attend the Hogwarts School for Witchcraft and Wizardry. Harry is snatched away from his mundane existence by Rubeus Hagrid (Robbie Coltrane), the groundskeeper for Hogwarts, and quickly thrown into a world completely foreign to both him and the viewer. Famous for an incident that happened at his birth, Harry makes friends easily at his new school. He soon finds, however, that the wizarding world is far more dangerous for him than he would have imagined, and he quickly learns that not all wizards are ones to be trusted.","https://m.media-amazon.com/images/M/MV5BNjQ3NWNlNmQtMTE5ZS00MDdmLTlkZjUtZTBlM2UxMGFiMTU3XkEyXkFqcGdeQXVyNjUwNzk3NDc@._V1_UX182_CR0,0,182,268_AL_.jpg"
"1575477018-140","https://www.imdb.com/chart/moviemeter/?ref_=nv_mv_mpm","The Godfather","https://www.imdb.com/title/tt0068646/?pf_rd_m=A2FGELUUNOQJNL&pf_rd_p=ea4e08e1-c8a3-47b5-ac3a-75026647c16e&pf_rd_r=495EYDSA8662H5W48FYS&pf_rd_s=center-1&pf_rd_t=15506&pf_rd_i=moviemeter&ref_=chtmvm_tt_61","The Godfather (1972)","9.2","24 March 1972 (USA)","The Godfather ""Don"" Vito Corleone is the head of the Corleone mafia family in New York. He is at the event of his daughter's wedding. Michael, Vito's youngest son and a decorated WW II Marine is also present at the wedding. Michael seems to be uninterested in being a part of the family business. Vito is a powerful man, and is kind to all those who give him respect but is ruthless against those who do not. But when a powerful and treacherous rival wants to sell drugs and needs the Don's influence for the same, Vito refuses to do it. What follows is a clash between Vito's fading old values and the new ways which may cause Michael to do the thing he was most reluctant in doing and wage a mob war against all the other mafia families which could tear the Corleone family apart.","https://m.media-amazon.com/images/M/MV5BM2MyNjYxNmUtYTAwNi00MTYxLWJmNWYtYzZlODY3ZTk3OTFlXkEyXkFqcGdeQXVyNzkwMjQ5NzM@._V1_UY268_CR3,0,182,268_AL_.jpg"
"1575477026-144","https://www.imdb.com/chart/moviemeter/?ref_=nv_mv_mpm","The Courier","https://www.imdb.com/title/tt9207616/?pf_rd_m=A2FGELUUNOQJNL&pf_rd_p=ea4e08e1-c8a3-47b5-ac3a-75026647c16e&pf_rd_r=495EYDSA8662H5W48FYS&pf_rd_s=center-1&pf_rd_t=15506&pf_rd_i=moviemeter&ref_=chtmvm_tt_57","The Courier (2019)","4.4","22 November 2019 (USA)","A courier in London discovers that one of the packages she's transporting is a bomb.","https://m.media-amazon.com/images/M/MV5BZGZjYTY4MzMtOTc1ZC00NWM2LTkxMzEtOTA2MTc5YmZhYzhlXkEyXkFqcGdeQXVyOTg4MDYyNw@@._V1_UX182_CR0,0,182,268_AL_.jpg"
"1575477011-137","https://www.imdb.com/chart/moviemeter/?ref_=nv_mv_mpm","Brittany Runs a Marathon","https://www.imdb.com/title/tt7671064/?pf_rd_m=A2FGELUUNOQJNL&pf_rd_p=ea4e08e1-c8a3-47b5-ac3a-75026647c16e&pf_rd_r=495EYDSA8662H5W48FYS&pf_rd_s=center-1&pf_rd_t=15506&pf_rd_i=moviemeter&ref_=chtmvm_tt_64","Brittany Runs a Marathon (2019)","6.8","15 November 2019 (Italy)","Hilarious, outgoing and always up for a good time, New Yorker Brittany Forgleris everybody's best friend -- except maybe her own. At 27, her hard-partying ways, chronic underemployment and toxic relationships are catching up with her, but when she stops by a new doctor's office to try to score some Adderall, she gets slapped with a prescription she never wanted: Get healthy. Too broke for a gym and too proud to ask for help, Brit is at a loss, until her seemingly together neighbor Catherine pushes her to lace up her Converse sneakers and run one sweaty block. The next day, she runs two. And soon, after finishing her first mile, she sets an almost unthinkable goal: running in the New York City Marathon.","https://m.media-amazon.com/images/M/MV5BNDRlNTJmNGEtNWM0YS00OWI3LWFkNjUtMzg5MTJjODcyZGU3XkEyXkFqcGdeQXVyODk4OTc3MTY@._V1_UX182_CR0,0,182,268_AL_.jpg"
"1575476949-108","https://www.imdb.com/chart/moviemeter/?ref_=nv_mv_mpm","Uncut Gems","https://www.imdb.com/title/tt5727208/?pf_rd_m=A2FGELUUNOQJNL&pf_rd_p=ea4e08e1-c8a3-47b5-ac3a-75026647c16e&pf_rd_r=495EYDSA8662H5W48FYS&pf_rd_s=center-1&pf_rd_t=15506&pf_rd_i=moviemeter&ref_=chtmvm_tt_93","Uncut Gems (2019)","8.1","25 December 2019 (USA)","From acclaimed filmmakers Josh and Benny Safdie comes an electrifying crime thriller about Howard Ratner (Adam Sandler), a charismatic New York City jeweler always on the lookout for the next big score. When he makes a series of high-stakes bets that could lead to the windfall of a lifetime, Howard must perform a precarious high-wire act, balancing business, family, and encroaching adversaries on all sides, in his relentless pursuit of the ultimate win.","https://m.media-amazon.com/images/M/MV5BZDhkMjUyYjItYWVkYi00YTM5LWE4MGEtY2FlMjA3OThlYmZhXkEyXkFqcGdeQXVyODk4OTc3MTY@._V1_UX182_CR0,0,182,268_AL_.jpg"
"1575477135-192","https://www.imdb.com/chart/moviemeter/?ref_=nv_mv_mpm","Ready or Not","https://www.imdb.com/title/tt7798634/?pf_rd_m=A2FGELUUNOQJNL&pf_rd_p=ea4e08e1-c8a3-47b5-ac3a-75026647c16e&pf_rd_r=495EYDSA8662H5W48FYS&pf_rd_s=center-1&pf_rd_t=15506&pf_rd_i=moviemeter&ref_=chtmvm_tt_9","Ready or Not (2019)","6.9","21 August 2019 (USA)","READY OR NOT follows a young bride (Samara Weaving) as she joins her new husband's (Mark O'Brien) rich, eccentric family (Adam Brody, Henry Czerny, Andie MacDowell) in a time-honored tradition that turns into a lethal game with everyone fighting for their survival.","https://m.media-amazon.com/images/M/MV5BYzBkMzAyMDUtZTFkZS00OWUyLTgwM2ItNGI3MTQ5NzA3NTVkXkEyXkFqcGdeQXVyMTkxNjUyNQ@@._V1_UX182_CR0,0,182,268_AL_.jpg"
"1575477075-166","https://www.imdb.com/chart/moviemeter/?ref_=nv_mv_mpm","Home Alone","https://www.imdb.com/title/tt0099785/?pf_rd_m=A2FGELUUNOQJNL&pf_rd_p=ea4e08e1-c8a3-47b5-ac3a-75026647c16e&pf_rd_r=495EYDSA8662H5W48FYS&pf_rd_s=center-1&pf_rd_t=15506&pf_rd_i=moviemeter&ref_=chtmvm_tt_35","Home Alone (1990)","7.6","16 November 1990 (USA)","It is Christmas time and the McCallister family is preparing for a vacation in Paris, France. But the youngest in the family named Kevin got into a scuffle with his older brother Buzz and was sent to his room which is on the third floor of his house. Then, the next morning, while the rest of the family was in a rush to make it to the airport on time, they completely forgot about Kevin who now has the house all to himself. Being home alone was fun for Kevin, having a pizza all to himself, jumping on his parents' bed, and making a mess. Then, Kevin discovers about two burglars, Harry and Marv, about to rob his house on Christmas Eve. Kevin acts quickly by wiring his own house with makeshift booby traps to stop the burglars and to bring them to justice.","https://m.media-amazon.com/images/M/MV5BMzFkM2YwOTQtYzk2Mi00N2VlLWE3NTItN2YwNDg1YmY0ZDNmXkEyXkFqcGdeQXVyMTMxODk2OTU@._V1_UX182_CR0,0,182,268_AL_.jpg"
"1575477055-157","https://www.imdb.com/chart/moviemeter/?ref_=nv_mv_mpm","Marriage Story","https://www.imdb.com/title/tt7653254/?pf_rd_m=A2FGELUUNOQJNL&pf_rd_p=ea4e08e1-c8a3-47b5-ac3a-75026647c16e&pf_rd_r=495EYDSA8662H5W48FYS&pf_rd_s=center-1&pf_rd_t=15506&pf_rd_i=moviemeter&ref_=chtmvm_tt_44","Marriage Story (2019)","8.5","6 December 2019 (USA)","MARRIAGE STORY is Academy Award nominated filmmaker Noah Baumbach's incisive and compassionate look at a marriage breaking up and a family staying together. The film stars Scarlett Johansson and Adam Driver. Laura Dern, Alan Alda, and Ray Liotta co-star.","https://m.media-amazon.com/images/M/MV5BZGVmY2RjNDgtMTc3Yy00YmY0LTgwODItYzBjNWJhNTRlYjdkXkEyXkFqcGdeQXVyMjM4NTM5NDY@._V1_UX182_CR0,0,182,268_AL_.jpg"
"1575476966-116","https://www.imdb.com/chart/moviemeter/?ref_=nv_mv_mpm","Sonic the Hedgehog","https://www.imdb.com/title/tt3794354/?pf_rd_m=A2FGELUUNOQJNL&pf_rd_p=ea4e08e1-c8a3-47b5-ac3a-75026647c16e&pf_rd_r=495EYDSA8662H5W48FYS&pf_rd_s=center-1&pf_rd_t=15506&pf_rd_i=moviemeter&ref_=chtmvm_tt_85","Sonic the Hedgehog (2020)","null","14 February 2020 (USA)","A cop in the rural town of Green Hills will help Sonic escape from the government who is looking to capture him.","https://m.media-amazon.com/images/M/MV5BNDc1ZTlmOWUtNDY2YS00OGU5LTg2MTYtYTk2MmQzMGE2NzUwXkEyXkFqcGdeQXVyODkzNTgxMDg@._V1_UX182_CR0,0,182,268_AL_.jpg"
"1575477131-190","https://www.imdb.com/chart/moviemeter/?ref_=nv_mv_mpm","A Beautiful Day in the Neighborhood","https://www.imdb.com/title/tt3224458/?pf_rd_m=A2FGELUUNOQJNL&pf_rd_p=ea4e08e1-c8a3-47b5-ac3a-75026647c16e&pf_rd_r=495EYDSA8662H5W48FYS&pf_rd_s=center-1&pf_rd_t=15506&pf_rd_i=moviemeter&ref_=chtmvm_tt_11","A Beautiful Day in the Neighborhood (2019)","7.9","22 November 2019 (USA)","Two-time Oscar®-winner Tom Hanks portrays Mister Rogers in A Beautiful Day in the Neighborhood, a timely story of kindness triumphing over cynicism, based on the true story of a real-life friendship between Fred Rogers and journalist Tom Junod. After a jaded magazine writer (Emmy winner Matthew Rhys) is assigned a profile of Fred Rogers, he overcomes his skepticism, learning about empathy, kindness, and decency from America's most beloved neighbor.","https://m.media-amazon.com/images/M/MV5BYTc1OWFmZDYtNDkzMy00ZjM2LTkxZDItM2E3ZTg3NTE1ZWE2XkEyXkFqcGdeQXVyMTkxNjUyNQ@@._V1_UX182_CR0,0,182,268_AL_.jpg"
"1575477066-162","https://www.imdb.com/chart/moviemeter/?ref_=nv_mv_mpm","Antebellum","https://www.imdb.com/title/tt10065694/?pf_rd_m=A2FGELUUNOQJNL&pf_rd_p=ea4e08e1-c8a3-47b5-ac3a-75026647c16e&pf_rd_r=495EYDSA8662H5W48FYS&pf_rd_s=center-1&pf_rd_t=15506&pf_rd_i=moviemeter&ref_=chtmvm_tt_39","Antebellum (2020)","null","24 April 2020 (USA)","Successful author Veronica finds herself trapped in a horrifying reality and must uncover the mind-bending mystery before it's too late.","https://m.media-amazon.com/images/M/MV5BYmI1MWE2OTctY2UxMS00OWNjLTk5ZmUtOWUyZjM3OGE5ZWY4XkEyXkFqcGdeQXVyMTkxNjUyNQ@@._V1_UX182_CR0,0,182,268_AL_.jpg"
"1575477070-164","https://www.imdb.com/chart/moviemeter/?ref_=nv_mv_mpm","Little Women","https://www.imdb.com/title/tt3281548/?pf_rd_m=A2FGELUUNOQJNL&pf_rd_p=ea4e08e1-c8a3-47b5-ac3a-75026647c16e&pf_rd_r=495EYDSA8662H5W48FYS&pf_rd_s=center-1&pf_rd_t=15506&pf_rd_i=moviemeter&ref_=chtmvm_tt_37","Little Women (2019)","null","25 December 2019 (USA)","Four sisters come of age in America in the aftermath of the Civil War.","https://m.media-amazon.com/images/M/MV5BY2QzYTQyYzItMzAwYi00YjZlLThjNTUtNzMyMDdkYzJiNWM4XkEyXkFqcGdeQXVyMTkxNjUyNQ@@._V1_UX182_CR0,0,182,268_AL_.jpg"
"1575477149-198","https://www.imdb.com/chart/moviemeter/?ref_=nv_mv_mpm","Knives Out","https://www.imdb.com/title/tt8946378/?pf_rd_m=A2FGELUUNOQJNL&pf_rd_p=ea4e08e1-c8a3-47b5-ac3a-75026647c16e&pf_rd_r=495EYDSA8662H5W48FYS&pf_rd_s=center-1&pf_rd_t=15506&pf_rd_i=moviemeter&ref_=chtmvm_tt_3","Knives Out (2019)","8.1","27 November 2019 (USA)","When renowned crime novelist Harlan Thrombey (Christopher Plummer) is found dead at his estate just after his 85th birthday, the inquisitive and debonair Detective Benoit Blanc (Daniel Craig) is mysteriously enlisted to investigate. From Harlan's dysfunctional family to his devoted staff, Blanc sifts through a web of red herrings and self-serving lies to uncover the truth behind Harlan's untimely death.","https://m.media-amazon.com/images/M/MV5BMGUwZjliMTAtNzAxZi00MWNiLWE2NzgtZGUxMGQxZjhhNDRiXkEyXkFqcGdeQXVyNjU1NzU3MzE@._V1_UX182_CR0,0,182,268_AL_.jpg"
"1575476968-117","https://www.imdb.com/chart/moviemeter/?ref_=nv_mv_mpm","The Shining","https://www.imdb.com/title/tt0081505/?pf_rd_m=A2FGELUUNOQJNL&pf_rd_p=ea4e08e1-c8a3-47b5-ac3a-75026647c16e&pf_rd_r=495EYDSA8662H5W48FYS&pf_rd_s=center-1&pf_rd_t=15506&pf_rd_i=moviemeter&ref_=chtmvm_tt_84","The Shining (1980)","8.4","13 June 1980 (USA)","Signing a contract, Jack Torrance, a normal writer and former teacher agrees to take care of a hotel which has a long, violent past that puts everyone in the hotel in a nervous situation. While Jack slowly gets more violent and angry of his life, his son, Danny, tries to use a special talent, the ""Shining"", to inform the people outside about whatever that is going on in the hotel.","https://m.media-amazon.com/images/M/MV5BZWFlYmY2MGEtZjVkYS00YzU4LTg0YjQtYzY1ZGE3NTA5NGQxXkEyXkFqcGdeQXVyMTQxNzMzNDI@._V1_UX182_CR0,0,182,268_AL_.jpg"
"1575476947-107","https://www.imdb.com/chart/moviemeter/?ref_=nv_mv_mpm","Rogue One: A Star Wars Story","https://www.imdb.com/title/tt3748528/?pf_rd_m=A2FGELUUNOQJNL&pf_rd_p=ea4e08e1-c8a3-47b5-ac3a-75026647c16e&pf_rd_r=495EYDSA8662H5W48FYS&pf_rd_s=center-1&pf_rd_t=15506&pf_rd_i=moviemeter&ref_=chtmvm_tt_94","Rogue One: A Star Wars Story (2016)","7.8","16 December 2016 (USA)","All looks lost for the Rebellion against the Empire as they learn of the existence of a new super weapon, the Death Star. Once a possible weakness in its construction is uncovered, the Rebel Alliance must set out on a desperate mission to steal the plans for the Death Star. The future of the entire galaxy now rests upon its success.","https://m.media-amazon.com/images/M/MV5BMjEwMzMxODIzOV5BMl5BanBnXkFtZTgwNzg3OTAzMDI@._V1_UX182_CR0,0,182,268_AL_.jpg"
"1575476961-114","https://www.imdb.com/chart/moviemeter/?ref_=nv_mv_mpm","The Laundromat","https://www.imdb.com/title/tt5865326/?pf_rd_m=A2FGELUUNOQJNL&pf_rd_p=ea4e08e1-c8a3-47b5-ac3a-75026647c16e&pf_rd_r=495EYDSA8662H5W48FYS&pf_rd_s=center-1&pf_rd_t=15506&pf_rd_i=moviemeter&ref_=chtmvm_tt_87","The Laundromat (2019)","6.3","27 September 2019 (USA)","When her idyllic vacation takes an unthinkable turn, Ellen Martin (Meryl Streep) begins investigating a fake insurance policy, only to find herself down a rabbit hole of questionable dealings that can be linked to a Panama City law firm and its vested interest in helping the world's wealthiest citizens amass larger fortunes. Founding partners Jürgen Mossack (Gary Oldman) and Ramón Fonseca (Antonio Banderas) are experts in the seductive ways shell companies and offshore accounts help the rich and powerful prosper. They are about to show us that Ellen's predicament only hints at the tax evasion, bribery and other illicit absurdities that the super wealthy indulge in to support the world's corrupt financial system. Zipping through a kaleidoscope of detours in China, Mexico, Africa (via Los Angeles) and the Caribbean en route to 2016's Panama Papers publication - where journalists leaked the secret, encrypted documents of Mossack Fonseca's high-profile patrons - THE LAUNDROMAT's ensemble ...","https://m.media-amazon.com/images/M/MV5BNDhiZTA1MzItMWNmZC00YWZlLWI5NTYtYzI5MzMxNGJkZDcxXkEyXkFqcGdeQXVyNTE4NTE0NjU@._V1_UX182_CR0,0,182,268_AL_.jpg"
"1575477064-161","https://www.imdb.com/chart/moviemeter/?ref_=nv_mv_mpm","No Time to Die","https://www.imdb.com/title/tt2382320/?pf_rd_m=A2FGELUUNOQJNL&pf_rd_p=ea4e08e1-c8a3-47b5-ac3a-75026647c16e&pf_rd_r=495EYDSA8662H5W48FYS&pf_rd_s=center-1&pf_rd_t=15506&pf_rd_i=moviemeter&ref_=chtmvm_tt_40","No Time to Die (2020)","null","8 April 2020 (USA)","Bond has left active service and is enjoying a tranquil life in Jamaica. His peace is short-lived when his old friend Felix Leiter from the CIA turns up asking for help. The mission to rescue a kidnapped scientist turns out to be far more treacherous than expected, leading Bond onto the trail of a mysterious villain armed with dangerous new technology.","https://m.media-amazon.com/images/M/MV5BZWI1ZmJkMTItMzYyOC00YjRlLTkxNjktMjhiOGQzNDgxYmI2XkEyXkFqcGdeQXVyODk2NDQ3MTA@._V1_UX182_CR0,0,182,268_AL_.jpg"
"1575477151-199","https://www.imdb.com/chart/moviemeter/?ref_=nv_mv_mpm","Frozen II","https://www.imdb.com/title/tt4520988/?pf_rd_m=A2FGELUUNOQJNL&pf_rd_p=ea4e08e1-c8a3-47b5-ac3a-75026647c16e&pf_rd_r=495EYDSA8662H5W48FYS&pf_rd_s=center-1&pf_rd_t=15506&pf_rd_i=moviemeter&ref_=chtmvm_tt_2","Frozen II (2019)","7.3","22 November 2019 (USA)","Anna, Elsa, Kristoff, Olaf and Sven leave Arendelle to travel to an ancient, autumn-bound forest of an enchanted land. They set out to find the origin of Elsa's powers in order to save their kingdom.","https://m.media-amazon.com/images/M/MV5BMjA0YjYyZGMtN2U0Ni00YmY4LWJkZTItYTMyMjY3NGYyMTJkXkEyXkFqcGdeQXVyNDg4NjY5OTQ@._V1_UX182_CR0,0,182,268_AL_.jpg"
"1575476937-103","https://www.imdb.com/chart/moviemeter/?ref_=nv_mv_mpm","Planes, Trains & Automobiles","https://www.imdb.com/title/tt0093748/?pf_rd_m=A2FGELUUNOQJNL&pf_rd_p=ea4e08e1-c8a3-47b5-ac3a-75026647c16e&pf_rd_r=495EYDSA8662H5W48FYS&pf_rd_s=center-1&pf_rd_t=15506&pf_rd_i=moviemeter&ref_=chtmvm_tt_98","Planes, Trains & Automobiles (1987)","7.6","25 November 1987 (USA)","All that Neal Page wants to do is to get home for Thanksgiving. His flight has been cancelled due to bad weather, so he decides on other means of transport. As well as bad luck, Neal is blessed with the presence of Del Griffith, shower curtain ring salesman and all-around blabbermouth who is never short of advice, conversation, bad jokes, or company. And when he decides that he is going the same direction as Neal....","https://m.media-amazon.com/images/M/MV5BM2I1ZWNkYjEtYWY3ZS00MmMwLWI5OTEtNWNkZjNiYjIwNzY0XkEyXkFqcGdeQXVyNTI4MjkwNjA@._V1_UX182_CR0,0,182,268_AL_.jpg"
"1575477129-189","https://www.imdb.com/chart/moviemeter/?ref_=nv_mv_mpm","Klaus","https://www.imdb.com/title/tt4729430/?pf_rd_m=A2FGELUUNOQJNL&pf_rd_p=ea4e08e1-c8a3-47b5-ac3a-75026647c16e&pf_rd_r=495EYDSA8662H5W48FYS&pf_rd_s=center-1&pf_rd_t=15506&pf_rd_i=moviemeter&ref_=chtmvm_tt_12","Klaus (2019)","8.4","15 November 2019 (USA)","When Jesper (Jason Schwartzman) distinguishes himself as the postal academy's worst student, he is stationed on a frozen island above the Arctic Circle, where the feuding locals hardly exchange words let alone letters. Jesper is about to give up when he finds an ally in local teacher Alva (Rashida Jones), and discovers Klaus (Oscar® winner J.K. Simmons), a mysterious carpenter who lives alone in a cabin full of handmade toys. These unlikely friendships return laughter to Smeerensburg, forging a new legacy of generous neighbors, magical lore and stockings hung by the chimney with care. An animated Christmas comedy directed by Despicable Me co-creator Sergio Pablos, KLAUS co-stars Rashida Jones, Jason Schwartzman and JK Simmons.","https://m.media-amazon.com/images/M/MV5BMWYwOThjM2ItZGYxNy00NTQwLWFlZWEtM2MzM2Q5MmY3NDU5XkEyXkFqcGdeQXVyMTkxNjUyNQ@@._V1_UX182_CR0,0,182,268_AL_.jpg"
"1575476941-105","https://www.imdb.com/chart/moviemeter/?ref_=nv_mv_mpm","Solo: A Star Wars Story","https://www.imdb.com/title/tt3778644/?pf_rd_m=A2FGELUUNOQJNL&pf_rd_p=ea4e08e1-c8a3-47b5-ac3a-75026647c16e&pf_rd_r=495EYDSA8662H5W48FYS&pf_rd_s=center-1&pf_rd_t=15506&pf_rd_i=moviemeter&ref_=chtmvm_tt_96","Solo: A Star Wars Story (2018)","6.9","25 May 2018 (USA)","With the emerging demand of hyperfuel and other resources, Han Solo finds himself in the middle of a heist alongside other criminals, where they meet the likes of Chewbacca and Lando Calrissian in an adventurous situation exposing the criminal underworld.","https://m.media-amazon.com/images/M/MV5BOTM2NTI3NTc3Nl5BMl5BanBnXkFtZTgwNzM1OTQyNTM@._V1_UX182_CR0,0,182,268_AL_.jpg"
"1575477089-171","https://www.imdb.com/chart/moviemeter/?ref_=nv_mv_mpm","Terminator: Dark Fate","https://www.imdb.com/title/tt6450804/?pf_rd_m=A2FGELUUNOQJNL&pf_rd_p=ea4e08e1-c8a3-47b5-ac3a-75026647c16e&pf_rd_r=495EYDSA8662H5W48FYS&pf_rd_s=center-1&pf_rd_t=15506&pf_rd_i=moviemeter&ref_=chtmvm_tt_30","Terminator: Dark Fate (2019)","6.5","1 November 2019 (USA)","More than 2 decades have passed since Sarah Connor prevented Judgment Day,, and changed the future, and rewrote the fate of the human race. Now, desperate to continue to milk this, and be PC, Dani Ramos - who lives south of the US is the target of a highly advanced and deadly new Terminator (the 'Rev-9') travels back through time to hunt and kill her. Dani's survival depends on her joining forces with 2 warrior 'womyn'; Grace (geddit?) an enhanced super-soldier from the future, and a battle-hardened Sarah Connor. As the new terminator destroys everything and everyone in its path, the 3 are led to a T-800 from Sarah's past-and it may just be be their last best hope. The franchise, that is.","https://m.media-amazon.com/images/M/MV5BNzhlYjE5MjMtZDJmYy00MGZmLTgwN2MtZGM0NTk2ZTczNmU5XkEyXkFqcGdeQXVyMTkxNjUyNQ@@._V1_UX182_CR0,0,182,268_AL_.jpg"
"1575477106-178","https://www.imdb.com/chart/moviemeter/?ref_=nv_mv_mpm","The King","https://www.imdb.com/title/tt7984766/?pf_rd_m=A2FGELUUNOQJNL&pf_rd_p=ea4e08e1-c8a3-47b5-ac3a-75026647c16e&pf_rd_r=495EYDSA8662H5W48FYS&pf_rd_s=center-1&pf_rd_t=15506&pf_rd_i=moviemeter&ref_=chtmvm_tt_23","The King (2019)","7.3","1 November 2019 (USA)","Hal (Timothée Chalamet), wayward prince and reluctant heir to the English throne, has turned his back on royal life and is living among the people. But when his tyrannical father dies, Hal is crowned King Henry V and is forced to embrace the life he had previously tried to escape. Now the young king must navigate the palace politics, chaos and war his father left behind, and the emotional strings of his past life - including his relationship with his closest friend and mentor, the aging alcoholic knight, John Falstaff (Joel Edgerton).","https://m.media-amazon.com/images/M/MV5BMWZkNzNlMzMtMjM5ZS00MWYzLWFmMmUtMjE1ODM3NjBlODA5XkEyXkFqcGdeQXVyMTMxODk2OTU@._V1_UX182_CR0,0,182,268_AL_.jpg"
"1575477121-185","https://www.imdb.com/chart/moviemeter/?ref_=nv_mv_mpm","Last Christmas","https://www.imdb.com/title/tt8623904/?pf_rd_m=A2FGELUUNOQJNL&pf_rd_p=ea4e08e1-c8a3-47b5-ac3a-75026647c16e&pf_rd_r=495EYDSA8662H5W48FYS&pf_rd_s=center-1&pf_rd_t=15506&pf_rd_i=moviemeter&ref_=chtmvm_tt_16","Last Christmas (2019)","6.6","8 November 2019 (USA)","Kate is a young woman subscribed to bad decisions. Working as an elf in a year round Christmas store is not good for the wannabe singer. However, she meets Tom there. Her life takes a new turn. For Kate, it seems too good to be true.","https://m.media-amazon.com/images/M/MV5BNTQ4ZmY0NjgtYzVhNy00NzhiLTk3YTYtNzM1MTdjM2VhZDA3XkEyXkFqcGdeQXVyMTkxNjUyNQ@@._V1_UX182_CR0,0,182,268_AL_.jpg"
"1575477039-150","https://www.imdb.com/chart/moviemeter/?ref_=nv_mv_mpm","Midsommar","https://www.imdb.com/title/tt8772262/?pf_rd_m=A2FGELUUNOQJNL&pf_rd_p=ea4e08e1-c8a3-47b5-ac3a-75026647c16e&pf_rd_r=495EYDSA8662H5W48FYS&pf_rd_s=center-1&pf_rd_t=15506&pf_rd_i=moviemeter&ref_=chtmvm_tt_51","Midsommar (2019)","7.2","3 July 2019 (USA)","Dani (Florence Pugh) and Christian (Jack Reynor) are a young American couple with a relationship on the brink of falling apart. But after a family tragedy keeps them together, a grieving Dani invites herself to join Christian and his friends on a trip to a once-in-a-lifetime midsummer festival in a remote Swedish village. What begins as a carefree summer holiday in a land of eternal sunlight takes a sinister turn when the insular villagers invite their guests to partake in festivities that render the pastoral paradise increasingly unnerving and viscerally disturbing.","https://m.media-amazon.com/images/M/MV5BMzQxNzQzOTQwM15BMl5BanBnXkFtZTgwMDQ2NTcwODM@._V1_UX182_CR0,0,182,268_AL_.jpg"
"1575477013-138","https://www.imdb.com/chart/moviemeter/?ref_=nv_mv_mpm","Black Widow","https://www.imdb.com/title/tt3480822/?pf_rd_m=A2FGELUUNOQJNL&pf_rd_p=ea4e08e1-c8a3-47b5-ac3a-75026647c16e&pf_rd_r=495EYDSA8662H5W48FYS&pf_rd_s=center-1&pf_rd_t=15506&pf_rd_i=moviemeter&ref_=chtmvm_tt_63","Black Widow (2020)","null","1 May 2020 (USA)","At birth the Black Widow (aka Natasha Romanova) is given to the KGB, which grooms her to become its ultimate operative. When the U.S.S.R. breaks up, the government tries to kill her as the action moves to present-day New York, where she is a freelance operative. The standalone film will find Romanoff living in the United States 15 years after the fall of the Soviet Union.","https://m.media-amazon.com/images/M/MV5BNmFjNTA4MDAtMDM3ZS00NjFmLTg3YzQtM2ZkMzI0OTNmODcyXkEyXkFqcGdeQXVyODIyOTEyMzY@._V1_UX182_CR0,0,182,268_AL_.jpg"
"1575477035-148","https://www.imdb.com/chart/moviemeter/?ref_=nv_mv_mpm","Goodfellas","https://www.imdb.com/title/tt0099685/?pf_rd_m=A2FGELUUNOQJNL&pf_rd_p=ea4e08e1-c8a3-47b5-ac3a-75026647c16e&pf_rd_r=495EYDSA8662H5W48FYS&pf_rd_s=center-1&pf_rd_t=15506&pf_rd_i=moviemeter&ref_=chtmvm_tt_53","Goodfellas (1990)","8.7","21 September 1990 (USA)","Henry Hill might be a small time gangster, who may have taken part in a robbery with Jimmy Conway and Tommy De Vito, two other gangsters who might have set their sights a bit higher. His two partners could kill off everyone else involved in the robbery, and slowly start to think about climbing up through the hierarchy of the Mob. Henry, however, might be badly affected by his partners' success, but will he consider stooping low enough to bring about the downfall of Jimmy and Tommy?","https://m.media-amazon.com/images/M/MV5BY2NkZjEzMDgtN2RjYy00YzM1LWI4ZmQtMjIwYjFjNmI3ZGEwXkEyXkFqcGdeQXVyNzkwMjQ5NzM@._V1_UX182_CR0,0,182,268_AL_.jpg"
"1575476992-128","https://www.imdb.com/chart/moviemeter/?ref_=nv_mv_mpm","Yesterday","https://www.imdb.com/title/tt8079248/?pf_rd_m=A2FGELUUNOQJNL&pf_rd_p=ea4e08e1-c8a3-47b5-ac3a-75026647c16e&pf_rd_r=495EYDSA8662H5W48FYS&pf_rd_s=center-1&pf_rd_t=15506&pf_rd_i=moviemeter&ref_=chtmvm_tt_73","Yesterday (2019)","6.9","28 June 2019 (USA)","In Lowestoft UK, Jack Malik is a frustrated musician whose musical career is going nowhere despite the faith that his friend/manager Ellie Appleton has in him. However, on the night Jack decides to give up, the whole world is momentarily hit with a massive blackout during which Jack is hit by a bus. Upon regaining consciousness, Jack learns to his astonishment that he is apparently now the only one who knows the music of the Beatles. Realizing this improbable opportunity, Jack begins playing the music of the greatest of the rock bands, claiming it as his own. It pays off quickly and Jack becomes a worldwide musical sensation. However, Jack finds himself drifting away from Ellie, only realizing his love for her when she has become intimidated by his success, which depends on a blatant plagiarization that no one could find out. Now, Jack must make a fundamental moral decision about his music to satisfy his conscience as he decides what he truly needs.","https://m.media-amazon.com/images/M/MV5BMjQ0NTI0NjkyN15BMl5BanBnXkFtZTgwNzY0MTE0NzM@._V1_UX182_CR0,0,182,268_AL_.jpg"
"1575477068-163","https://www.imdb.com/chart/moviemeter/?ref_=nv_mv_mpm","Jumanji: The Next Level","https://www.imdb.com/title/tt7975244/?pf_rd_m=A2FGELUUNOQJNL&pf_rd_p=ea4e08e1-c8a3-47b5-ac3a-75026647c16e&pf_rd_r=495EYDSA8662H5W48FYS&pf_rd_s=center-1&pf_rd_t=15506&pf_rd_i=moviemeter&ref_=chtmvm_tt_38","Jumanji: The Next Level (2019)","7.0","13 December 2019 (USA)","The gang is back but the game has changed. As they return to Jumanji to rescue one of their own, they discover that nothing is as they expect. The players will have to brave parts unknown and unexplored, from the arid deserts to the snowy mountains, in order to escape the world's most dangerous game.","https://m.media-amazon.com/images/M/MV5BOTVjMmFiMDUtOWQ4My00YzhmLWE3MzEtODM1NDFjMWEwZTRkXkEyXkFqcGdeQXVyMTkxNjUyNQ@@._V1_UX182_CR0,0,182,268_AL_.jpg"
"1575477024-143","https://www.imdb.com/chart/moviemeter/?ref_=nv_mv_mpm","Booksmart","https://www.imdb.com/title/tt1489887/?pf_rd_m=A2FGELUUNOQJNL&pf_rd_p=ea4e08e1-c8a3-47b5-ac3a-75026647c16e&pf_rd_r=495EYDSA8662H5W48FYS&pf_rd_s=center-1&pf_rd_t=15506&pf_rd_i=moviemeter&ref_=chtmvm_tt_58","Booksmart (2019)","7.2","24 May 2019 (USA)","On the eve of their high school graduation, two academic superstars and best friends realize they should have worked less and played more. Determined not to fall short of their peers, the girls try to cram four years of fun into one night.","https://m.media-amazon.com/images/M/MV5BMjEzMjcxNjA2Nl5BMl5BanBnXkFtZTgwMjAxMDM2NzM@._V1_UX182_CR0,0,182,268_AL_.jpg"
"1575477033-147","https://www.imdb.com/chart/moviemeter/?ref_=nv_mv_mpm","Downton Abbey","https://www.imdb.com/title/tt6398184/?pf_rd_m=A2FGELUUNOQJNL&pf_rd_p=ea4e08e1-c8a3-47b5-ac3a-75026647c16e&pf_rd_r=495EYDSA8662H5W48FYS&pf_rd_s=center-1&pf_rd_t=15506&pf_rd_i=moviemeter&ref_=chtmvm_tt_54","Downton Abbey (2019)","7.7","20 September 2019 (USA)","The continuing story of the Crawley family, wealthy owners of a large estate in the English countryside in the early twentieth century.","https://m.media-amazon.com/images/M/MV5BMmQxNGRkMjYtZTAyMy00MDUyLThiNmYtODI1NTkyNmI0ZTNlXkEyXkFqcGdeQXVyMjM4NTM5NDY@._V1_UX182_CR0,0,182,268_AL_.jpg"
"1575477049-154","https://www.imdb.com/chart/moviemeter/?ref_=nv_mv_mpm","Noelle","https://www.imdb.com/title/tt5097410/?pf_rd_m=A2FGELUUNOQJNL&pf_rd_p=ea4e08e1-c8a3-47b5-ac3a-75026647c16e&pf_rd_r=495EYDSA8662H5W48FYS&pf_rd_s=center-1&pf_rd_t=15506&pf_rd_i=moviemeter&ref_=chtmvm_tt_47","Noelle (2019)","6.3","12 November 2019 (USA)","Noelle has always had to support and encourage her brother, Nick, who was ordained to take over as Santa. When Nick disappears right before Christmas, Noelle goes on a funny and heartfelt journey to find her brother and ultimately what Christmas is really about.","https://m.media-amazon.com/images/M/MV5BMjM2MTIxYTAtYWM3MC00OWI4LWJmMjMtYzBhMWFlMzU0NTdhXkEyXkFqcGdeQXVyMTkxNjUyNQ@@._V1_UX182_CR0,0,182,268_AL_.jpg"
"1575477104-177","https://www.imdb.com/chart/moviemeter/?ref_=nv_mv_mpm","Angel Has Fallen","https://www.imdb.com/title/tt6189022/?pf_rd_m=A2FGELUUNOQJNL&pf_rd_p=ea4e08e1-c8a3-47b5-ac3a-75026647c16e&pf_rd_r=495EYDSA8662H5W48FYS&pf_rd_s=center-1&pf_rd_t=15506&pf_rd_i=moviemeter&ref_=chtmvm_tt_24","Angel Has Fallen (2019)","6.5","23 August 2019 (USA)","After the events in the previous film, Secret Service agent Mike Banning finds himself framed for an assassination attempt on the President. Pursued by his own agency and the FBI, Banning races to clear his name and uncover the real terrorist threat which has set its sights on Air Force One.","https://m.media-amazon.com/images/M/MV5BYmRmMWZhZGItYzA4MC00ZDYyLWE0OTMtYmM0MWRiN2Q4NGU2XkEyXkFqcGdeQXVyMjMxOTE0ODA@._V1_UX182_CR0,0,182,268_AL_.jpg"
"1575477127-188","https://www.imdb.com/chart/moviemeter/?ref_=nv_mv_mpm","Parasite","https://www.imdb.com/title/tt6751668/?pf_rd_m=A2FGELUUNOQJNL&pf_rd_p=ea4e08e1-c8a3-47b5-ac3a-75026647c16e&pf_rd_r=495EYDSA8662H5W48FYS&pf_rd_s=center-1&pf_rd_t=15506&pf_rd_i=moviemeter&ref_=chtmvm_tt_13","Parasite (2019)","8.6","8 November 2019 (USA)","Jobless, penniless, and, above all, hopeless, the unmotivated patriarch, Ki-taek, and his equally unambitious family--his supportive wife, Chung-sook; his cynical twentysomething daughter, Ki-jung, and his college-age son, Ki-woo--occupy themselves by working for peanuts in their squalid basement-level apartment. Then, by sheer luck, a lucrative business proposition will pave the way for an insidiously subtle scheme, as Ki-woo summons up the courage to pose as an English tutor for the teenage daughter of the affluent Park family. Now, the stage seems set for an unceasing winner-take-all class war. How does one get rid of a parasite?","https://m.media-amazon.com/images/M/MV5BYWZjMjk3ZTItODQ2ZC00NTY5LWE0ZDYtZTI3MjcwN2Q5NTVkXkEyXkFqcGdeQXVyODk4OTc3MTY@._V1_UX182_CR0,0,182,268_AL_.jpg"
"1575476970-118","https://www.imdb.com/chart/moviemeter/?ref_=nv_mv_mpm","The Goldfinch","https://www.imdb.com/title/tt3864056/?pf_rd_m=A2FGELUUNOQJNL&pf_rd_p=ea4e08e1-c8a3-47b5-ac3a-75026647c16e&pf_rd_r=495EYDSA8662H5W48FYS&pf_rd_s=center-1&pf_rd_t=15506&pf_rd_i=moviemeter&ref_=chtmvm_tt_83","The Goldfinch (2019)","6.3","13 September 2019 (USA)","13-year-old New Yorker Theo Decker's life is turned upside-down when his mother is killed in a terrorist attack at the Metropolitan Museum of Art. Confused in the rubble of the tragedy, he steals a priceless piece of art known as The Goldfinch.","https://m.media-amazon.com/images/M/MV5BY2ZmNmUzNTctYTA3Mi00ZTg3LWFmMWMtYzU2ZjA3NDRmODIzXkEyXkFqcGdeQXVyMTkxNjUyNQ@@._V1_UX182_CR0,0,182,268_AL_.jpg"
"1575476951-109","https://www.imdb.com/chart/moviemeter/?ref_=nv_mv_mpm","The Shawshank Redemption","https://www.imdb.com/title/tt0111161/?pf_rd_m=A2FGELUUNOQJNL&pf_rd_p=ea4e08e1-c8a3-47b5-ac3a-75026647c16e&pf_rd_r=495EYDSA8662H5W48FYS&pf_rd_s=center-1&pf_rd_t=15506&pf_rd_i=moviemeter&ref_=chtmvm_tt_92","The Shawshank Redemption (1994)","9.3","14 October 1994 (USA)","Chronicles the experiences of a formerly successful banker as a prisoner in the gloomy jailhouse of Shawshank after being found guilty of a crime he did not commit. The film portrays the man's unique way of dealing with his new, torturous life; along the way he befriends a number of fellow prisoners, most notably a wise long-term inmate named Red.","https://m.media-amazon.com/images/M/MV5BMDFkYTc0MGEtZmNhMC00ZDIzLWFmNTEtODM1ZmRlYWMwMWFmXkEyXkFqcGdeQXVyMTMxODk2OTU@._V1_UX182_CR0,0,182,268_AL_.jpg"
"1575477051-155","https://www.imdb.com/chart/moviemeter/?ref_=nv_mv_mpm","Richard Jewell","https://www.imdb.com/title/tt3513548/?pf_rd_m=A2FGELUUNOQJNL&pf_rd_p=ea4e08e1-c8a3-47b5-ac3a-75026647c16e&pf_rd_r=495EYDSA8662H5W48FYS&pf_rd_s=center-1&pf_rd_t=15506&pf_rd_i=moviemeter&ref_=chtmvm_tt_46","Richard Jewell (2019)","7.8","13 December 2019 (USA)","American security guard Richard Jewell (Paul Walter Hauser) saves thousands of lives from an exploding bomb at the 1996 Olympics, but is vilified by journalists and the press who falsely report that he was a terrorist.","https://m.media-amazon.com/images/M/MV5BOTFlODg1MTEtZTJhOC00OTY1LWE0YzctZjRlODdkYWY5ZDM4XkEyXkFqcGdeQXVyNjU1NzU3MzE@._V1_UX182_CR0,0,182,268_AL_.jpg"
"1575477046-153","https://www.imdb.com/chart/moviemeter/?ref_=nv_mv_mpm","The Report","https://www.imdb.com/title/tt8236336/?pf_rd_m=A2FGELUUNOQJNL&pf_rd_p=ea4e08e1-c8a3-47b5-ac3a-75026647c16e&pf_rd_r=495EYDSA8662H5W48FYS&pf_rd_s=center-1&pf_rd_t=15506&pf_rd_i=moviemeter&ref_=chtmvm_tt_48","The Report (2019)","7.2","15 November 2019 (USA)","THE REPORT is a thriller based on actual events. Idealistic staffer Daniel J. Jones (Adam Driver) is tasked by his boss Senator Dianne Feinstein (Annette Bening) to lead an investigation of the CIA's Detention and Interrogation Program created in the aftermath of 9/11. Jones' relentless pursuit of the truth leads to findings that uncover the lengths to which the nation's top intelligence agency went to destroy evidence, subvert the law, and hide a shocking secret from the American public. THE REPORT is written and directed by Scott Z. Burns, and the film also stars Jon Hamm, Sarah Goldberg, Michael C. Hall, Douglas Hodge, Fajer Kaisi, Ted Levine, Jennifer Morrison, Tim Blake Nelson, Linda Powell, Matthew Rhys, T. Ryder Smith, Corey Stoll, and Maura Tierney.","https://m.media-amazon.com/images/M/MV5BZGI3ZGNkOGItNWU3ZS00NDIyLTljZjEtZTk5NzkxMjYwMjEzXkEyXkFqcGdeQXVyMTkxNjUyNQ@@._V1_UX182_CR0,0,182,268_AL_.jpg"
"1575477029-145","https://www.imdb.com/chart/moviemeter/?ref_=nv_mv_mpm","The Good Liar","https://www.imdb.com/title/tt5563334/?pf_rd_m=A2FGELUUNOQJNL&pf_rd_p=ea4e08e1-c8a3-47b5-ac3a-75026647c16e&pf_rd_r=495EYDSA8662H5W48FYS&pf_rd_s=center-1&pf_rd_t=15506&pf_rd_i=moviemeter&ref_=chtmvm_tt_56","The Good Liar (2019)","6.5","15 November 2019 (USA)","Career con artist Roy Courtnay can hardly believe his luck when he meets well-to-do widow Betty McLeish online. As Betty opens her home and life to him, Roy is surprised to find himself caring about her, turning what should be a cut-and-dry swindle into the most treacherous tightrope walk of his life.","https://m.media-amazon.com/images/M/MV5BN2VhNTY5ZTUtYzc1NC00NjUyLWI1NDQtYWE3YmJlNjQ3OGVlXkEyXkFqcGdeQXVyMTkxNjUyNQ@@._V1_UX182_CR0,0,182,268_AL_.jpg"
"1575476953-110","https://www.imdb.com/chart/moviemeter/?ref_=nv_mv_mpm","The Batman","https://www.imdb.com/title/tt1877830/?pf_rd_m=A2FGELUUNOQJNL&pf_rd_p=ea4e08e1-c8a3-47b5-ac3a-75026647c16e&pf_rd_r=495EYDSA8662H5W48FYS&pf_rd_s=center-1&pf_rd_t=15506&pf_rd_i=moviemeter&ref_=chtmvm_tt_91","The Batman (2021)","null","25 June 2021 (USA)","The plot is unknown.","https://m.media-amazon.com/images/G/01/imdb/images/nopicture/180x268/film-173410679._CB470041619_.png"
"1575477007-135","https://www.imdb.com/chart/moviemeter/?ref_=nv_mv_mpm","Dark Waters","https://www.imdb.com/title/tt9071322/?pf_rd_m=A2FGELUUNOQJNL&pf_rd_p=ea4e08e1-c8a3-47b5-ac3a-75026647c16e&pf_rd_r=495EYDSA8662H5W48FYS&pf_rd_s=center-1&pf_rd_t=15506&pf_rd_i=moviemeter&ref_=chtmvm_tt_66","Dark Waters (2019)","7.3","27 February 2020 (Italy)","A corporate defense attorney takes on an environmental lawsuit against a chemical company that exposes a lengthy history of pollution.","https://m.media-amazon.com/images/M/MV5BODQ0M2Y5M2QtZGIwMC00MzJjLThlMzYtNmE3ZTMzZTYzOGEwXkEyXkFqcGdeQXVyMTkxNjUyNQ@@._V1_UX182_CR0,0,182,268_AL_.jpg"
"1575476979-122","https://www.imdb.com/chart/moviemeter/?ref_=nv_mv_mpm","Star Wars: Episode IV - A New Hope","https://www.imdb.com/title/tt0076759/?pf_rd_m=A2FGELUUNOQJNL&pf_rd_p=ea4e08e1-c8a3-47b5-ac3a-75026647c16e&pf_rd_r=495EYDSA8662H5W48FYS&pf_rd_s=center-1&pf_rd_t=15506&pf_rd_i=moviemeter&ref_=chtmvm_tt_79","Star Wars: Episode IV - A New Hope (1977)","8.6","25 May 1977 (USA)","The Imperial Forces, under orders from cruel Darth Vader, hold Princess Leia hostage in their efforts to quell the rebellion against the Galactic Empire. Luke Skywalker and Han Solo, captain of the Millennium Falcon, work together with the companionable droid duo R2-D2 and C-3PO to rescue the beautiful princess, help the Rebel Alliance and restore freedom and justice to the Galaxy.","https://m.media-amazon.com/images/M/MV5BNzVlY2MwMjktM2E4OS00Y2Y3LWE3ZjctYzhkZGM3YzA1ZWM2XkEyXkFqcGdeQXVyNzkwMjQ5NzM@._V1_UX182_CR0,0,182,268_AL_.jpg"
"1575477086-170","https://www.imdb.com/chart/moviemeter/?ref_=nv_mv_mpm","Rambo: Last Blood","https://www.imdb.com/title/tt1206885/?pf_rd_m=A2FGELUUNOQJNL&pf_rd_p=ea4e08e1-c8a3-47b5-ac3a-75026647c16e&pf_rd_r=495EYDSA8662H5W48FYS&pf_rd_s=center-1&pf_rd_t=15506&pf_rd_i=moviemeter&ref_=chtmvm_tt_31","Rambo: Last Blood (2019)","6.4","20 September 2019 (USA)","Almost four decades after they drew first blood, Sylvester Stallone is back as one of the greatest action heroes of all time, John Rambo. Now, Rambo must confront his past and unearth his ruthless combat skills to exact revenge in a final mission. A deadly journey of vengeance, RAMBO: LAST BLOOD marks the last chapter of the legendary series.","https://m.media-amazon.com/images/M/MV5BNTAxZWM2OTgtOTQzOC00ZTI5LTgyYjktZTRhYWM4YWQxNWI0XkEyXkFqcGdeQXVyMjMwNDgzNjc@._V1_UX182_CR0,0,182,268_AL_.jpg"
"1575477114-182","https://www.imdb.com/chart/moviemeter/?ref_=nv_mv_mpm","21 Bridges","https://www.imdb.com/title/tt8688634/?pf_rd_m=A2FGELUUNOQJNL&pf_rd_p=ea4e08e1-c8a3-47b5-ac3a-75026647c16e&pf_rd_r=495EYDSA8662H5W48FYS&pf_rd_s=center-1&pf_rd_t=15506&pf_rd_i=moviemeter&ref_=chtmvm_tt_19","21 Bridges (2019)","6.6","22 November 2019 (USA)","Thrust into a citywide manhunt for a duo of cop killers, NYPD detective Andre Davis begins to uncover a massive conspiracy that links his fellow police officers to a criminal empire and must decide who he is hunting and who is actually hunting him. During the manhunt, Manhattan is completely locked down for the first time in its history - no exit or entry to the island including all 21 bridges.","https://m.media-amazon.com/images/M/MV5BYTg4YzEzNDQtZDAxOS00M2YyLTljZWEtNjk4YTc4NDM2NTBhXkEyXkFqcGdeQXVyMTkxNjUyNQ@@._V1_UX182_CR0,0,182,268_AL_.jpg"
"1575477015-139","https://www.imdb.com/chart/moviemeter/?ref_=nv_mv_mpm","The Golden Compass","https://www.imdb.com/title/tt0385752/?pf_rd_m=A2FGELUUNOQJNL&pf_rd_p=ea4e08e1-c8a3-47b5-ac3a-75026647c16e&pf_rd_r=495EYDSA8662H5W48FYS&pf_rd_s=center-1&pf_rd_t=15506&pf_rd_i=moviemeter&ref_=chtmvm_tt_62","The Golden Compass (2007)","6.1","7 December 2007 (USA)","It was no ordinary life for a young girl: living among scholars in the hallowed halls of Jordan College and tearing unsupervised through Oxford's motley streets on mad quests for adventure. But Lyra's greatest adventure would begin closer to home, the day she heard hushed talk of an extraordinary particle. Microscopic in size, the magical dust--discovered in the vast Arctic expanse of the North--was rumored to possess profound properties that could unite whole universes. But there were those who feared the particle and would stop at nothing to destroy it. Catapulted into the heart of a terrible struggle, Lyra was forced to seek aid from clans, 'gyptians, and formidable armored bears. And as she journeyed into unbelievable danger, she had not the faintest clue that she alone was destined to win, or to lose, this more-than-mortal battle...","https://m.media-amazon.com/images/M/MV5BMTM2NDkxMjQxMV5BMl5BanBnXkFtZTYwNTMxMDM4._V1_UX182_CR0,0,182,268_AL_.jpg"
"1575477044-152","https://www.imdb.com/chart/moviemeter/?ref_=nv_mv_mpm","Captain Marvel","https://www.imdb.com/title/tt4154664/?pf_rd_m=A2FGELUUNOQJNL&pf_rd_p=ea4e08e1-c8a3-47b5-ac3a-75026647c16e&pf_rd_r=495EYDSA8662H5W48FYS&pf_rd_s=center-1&pf_rd_t=15506&pf_rd_i=moviemeter&ref_=chtmvm_tt_49","Captain Marvel (2019)","6.9","8 March 2019 (USA)","After crashing an experimental aircraft, Air Force pilot Carol Danvers is discovered by the Kree and trained as a member of the elite Starforce Military under the command of her mentor Yon-Rogg. Six years later, after escaping to Earth while under attack by the Skrulls, Danvers begins to discover there's more to her past. With help from S.H.I.E.L.D. agent Nick Fury, they set out to unravel the truth.","https://m.media-amazon.com/images/M/MV5BMTE0YWFmOTMtYTU2ZS00ZTIxLWE3OTEtYTNiYzBkZjViZThiXkEyXkFqcGdeQXVyODMzMzQ4OTI@._V1_UX182_CR0,0,182,268_AL_.jpg"
"1575476985-125","https://www.imdb.com/chart/moviemeter/?ref_=nv_mv_mpm","The Dark Knight","https://www.imdb.com/title/tt0468569/?pf_rd_m=A2FGELUUNOQJNL&pf_rd_p=ea4e08e1-c8a3-47b5-ac3a-75026647c16e&pf_rd_r=495EYDSA8662H5W48FYS&pf_rd_s=center-1&pf_rd_t=15506&pf_rd_i=moviemeter&ref_=chtmvm_tt_76","The Dark Knight (2008)","9.0","18 July 2008 (USA)","Set within a year after the events of Batman Begins (2005), Batman, Lieutenant James Gordon, and new District Attorney Harvey Dent successfully begin to round up the criminals that plague Gotham City, until a mysterious and sadistic criminal mastermind known only as ""The Joker"" appears in Gotham, creating a new wave of chaos. Batman's struggle against The Joker becomes deeply personal, forcing him to ""confront everything he believes"" and improve his technology to stop him. A love triangle develops between Bruce Wayne, Dent, and Rachel Dawes.","https://m.media-amazon.com/images/M/MV5BMTMxNTMwODM0NF5BMl5BanBnXkFtZTcwODAyMTk2Mw@@._V1_UX182_CR0,0,182,268_AL_.jpg"
"1575477009-136","https://www.imdb.com/chart/moviemeter/?ref_=nv_mv_mpm","Bombshell","https://www.imdb.com/title/tt6394270/?pf_rd_m=A2FGELUUNOQJNL&pf_rd_p=ea4e08e1-c8a3-47b5-ac3a-75026647c16e&pf_rd_r=495EYDSA8662H5W48FYS&pf_rd_s=center-1&pf_rd_t=15506&pf_rd_i=moviemeter&ref_=chtmvm_tt_65","Bombshell (2019)","null","20 December 2019 (USA)","A group of women decide to take on Fox News head Roger Ailes and the toxic atmosphere he presided over at the network.","https://m.media-amazon.com/images/M/MV5BZjlhOWE3YjktY2MzOC00ZmQ1LWIwNjgtZmVhZmFjZGExMzgyXkEyXkFqcGdeQXVyMDA4NzMyOA@@._V1_UX182_CR0,0,182,268_AL_.jpg"
"1575477042-151","https://www.imdb.com/chart/moviemeter/?ref_=nv_mv_mpm","Fast & Furious Presents: Hobbs & Shaw","https://www.imdb.com/title/tt6806448/?pf_rd_m=A2FGELUUNOQJNL&pf_rd_p=ea4e08e1-c8a3-47b5-ac3a-75026647c16e&pf_rd_r=495EYDSA8662H5W48FYS&pf_rd_s=center-1&pf_rd_t=15506&pf_rd_i=moviemeter&ref_=chtmvm_tt_50","Fast & Furious Presents: Hobbs & Shaw (2019)","6.5","2 August 2019 (USA)","Lawman Luke Hobbs and outcast Deckard Shaw form an unlikely alliance when a cyber-genetically enhanced villain threatens the future of humanity.","https://m.media-amazon.com/images/M/MV5BOTIzYmUyMmEtMWQzNC00YzExLTk3MzYtZTUzYjMyMmRiYzIwXkEyXkFqcGdeQXVyMDM2NDM2MQ@@._V1_UY268_CR1,0,182,268_AL_.jpg"
"1575477125-187","https://www.imdb.com/chart/moviemeter/?ref_=nv_mv_mpm","Midway","https://www.imdb.com/title/tt6924650/?pf_rd_m=A2FGELUUNOQJNL&pf_rd_p=ea4e08e1-c8a3-47b5-ac3a-75026647c16e&pf_rd_r=495EYDSA8662H5W48FYS&pf_rd_s=center-1&pf_rd_t=15506&pf_rd_i=moviemeter&ref_=chtmvm_tt_14","Midway (2019)","6.9","8 November 2019 (USA)","MIDWAY centers on the Battle of Midway, a clash between the American fleet and the Imperial Japanese Navy which marked a pivotal turning point in the Pacific Theater during WWII. The film, based on the real-life events of this heroic feat, tells the story of the leaders and soldiers who used their instincts, fortitude and bravery to overcome the odds.","https://m.media-amazon.com/images/M/MV5BMGVkNGMyMGEtMDNmOC00ZGYyLWEzOTItODdjMzRlZTk4MzUwXkEyXkFqcGdeQXVyODM2Njg2OTg@._V1_UY268_CR16,0,182,268_AL_.jpg"
"1575477133-191","https://www.imdb.com/chart/moviemeter/?ref_=nv_mv_mpm","Hustlers","https://www.imdb.com/title/tt5503686/?pf_rd_m=A2FGELUUNOQJNL&pf_rd_p=ea4e08e1-c8a3-47b5-ac3a-75026647c16e&pf_rd_r=495EYDSA8662H5W48FYS&pf_rd_s=center-1&pf_rd_t=15506&pf_rd_i=moviemeter&ref_=chtmvm_tt_10","Hustlers (2019)","6.5","13 September 2019 (USA)","Inspired by the viral New York Magazine article, Hustlers follows a crew of savvy former strip club employees who band together to turn the tables on their Wall Street clients.","https://m.media-amazon.com/images/M/MV5BNjM5ZTNiNGMtMDA2OC00MDYyLWEyNzAtOWZmMzFlY2VmOWM4XkEyXkFqcGdeQXVyMTkxNjUyNQ@@._V1_UX182_CR0,0,182,268_AL_.jpg"
"1575477073-165","https://www.imdb.com/chart/moviemeter/?ref_=nv_mv_mpm","Jojo Rabbit","https://www.imdb.com/title/tt2584384/?pf_rd_m=A2FGELUUNOQJNL&pf_rd_p=ea4e08e1-c8a3-47b5-ac3a-75026647c16e&pf_rd_r=495EYDSA8662H5W48FYS&pf_rd_s=center-1&pf_rd_t=15506&pf_rd_i=moviemeter&ref_=chtmvm_tt_36","Jojo Rabbit (2019)","8.1","8 November 2019 (USA)","A World War II satire that follows a lonely German boy named Jojo (Roman Griffin Davis) whose world view is turned upside down when he discovers his single mother (Scarlett Johansson) is hiding a young Jewish girl (Thomasin McKenzie) in their attic. Aided only by his idiotic imaginary friend, Adolf Hitler (Taika Waititi), Jojo must confront his blind nationalism.","https://m.media-amazon.com/images/M/MV5BZjU0Yzk2MzEtMjAzYy00MzY0LTg2YmItM2RkNzdkY2ZhN2JkXkEyXkFqcGdeQXVyNDg4NjY5OTQ@._V1_UX182_CR0,0,182,268_AL_.jpg"
"1575477097-174","https://www.imdb.com/chart/moviemeter/?ref_=nv_mv_mpm","The Lighthouse","https://www.imdb.com/title/tt7984734/?pf_rd_m=A2FGELUUNOQJNL&pf_rd_p=ea4e08e1-c8a3-47b5-ac3a-75026647c16e&pf_rd_r=495EYDSA8662H5W48FYS&pf_rd_s=center-1&pf_rd_t=15506&pf_rd_i=moviemeter&ref_=chtmvm_tt_27","The Lighthouse (2019)","8.3","1 November 2019 (USA)","Two lighthouse keepers try to maintain their sanity while living on a remote and mysterious New England island in the 1890s.","https://m.media-amazon.com/images/M/MV5BZmE0MGJhNmYtOWNjYi00Njc5LWE2YjEtMWMxZTVmODUwMmMxXkEyXkFqcGdeQXVyMTkxNjUyNQ@@._V1_UX182_CR0,0,182,268_AL_.jpg"
"1575477144-196","https://www.imdb.com/chart/moviemeter/?ref_=nv_mv_mpm","Ford v Ferrari","https://www.imdb.com/title/tt1950186/?pf_rd_m=A2FGELUUNOQJNL&pf_rd_p=ea4e08e1-c8a3-47b5-ac3a-75026647c16e&pf_rd_r=495EYDSA8662H5W48FYS&pf_rd_s=center-1&pf_rd_t=15506&pf_rd_i=moviemeter&ref_=chtmvm_tt_5","Ford v Ferrari (2019)","8.3","15 November 2019 (USA)","American car designer Carroll Shelby and driver Ken Miles battle corporate interference, the laws of physics and their own personal demons to build a revolutionary race car for Ford and challenge Ferrari at the 24 Hours of Le Mans in 1966.","https://m.media-amazon.com/images/M/MV5BYzcyZDNlNDktOWRhYy00ODQ5LTg1ODQtZmFmZTIyMjg2Yjk5XkEyXkFqcGdeQXVyMTkxNjUyNQ@@._V1_UX182_CR0,0,182,268_AL_.jpg"
"1575477020-141","https://www.imdb.com/chart/moviemeter/?ref_=nv_mv_mpm","Watchmen","https://www.imdb.com/title/tt0409459/?pf_rd_m=A2FGELUUNOQJNL&pf_rd_p=ea4e08e1-c8a3-47b5-ac3a-75026647c16e&pf_rd_r=495EYDSA8662H5W48FYS&pf_rd_s=center-1&pf_rd_t=15506&pf_rd_i=moviemeter&ref_=chtmvm_tt_60","Watchmen (2009)","7.6","6 March 2009 (USA)","In a gritty and alternate 1985 the glory days of costumed vigilantes have been brought to a close by a government crackdown, but after one of the masked veterans is brutally murdered an investigation into the killer is initiated. The reunited heroes set out to prevent their own destruction, but in doing so discover a deeper and far more diabolical plot.","https://m.media-amazon.com/images/M/MV5BY2IzNGNiODgtOWYzOS00OTI0LTgxZTUtOTA5OTQ5YmI3NGUzXkEyXkFqcGdeQXVyNjU0OTQ0OTY@._V1_UX182_CR0,0,182,268_AL_.jpg"
"1575477057-158","https://www.imdb.com/chart/moviemeter/?ref_=nv_mv_mpm","The Peanut Butter Falcon","https://www.imdb.com/title/tt4364194/?pf_rd_m=A2FGELUUNOQJNL&pf_rd_p=ea4e08e1-c8a3-47b5-ac3a-75026647c16e&pf_rd_r=495EYDSA8662H5W48FYS&pf_rd_s=center-1&pf_rd_t=15506&pf_rd_i=moviemeter&ref_=chtmvm_tt_43","The Peanut Butter Falcon (2019)","7.7","23 August 2019 (USA)","The Peanut Butter Falcon is an adventure story set in the world of a modern Mark Twain that begins when Zak (22), a young man with Down syndrome, runs away from the nursing home where he lives to chase his dream of becoming a professional wrestler by attending the wrestling school The Salt Water Redneck. Through circumstances beyond their control Tyler (32), a small-time outlaw on the run, becomes Zak's unlikely coach and ally. Together they wind through deltas, elude capture, drink whisky, find God, catch fish, and convince Eleanor (28), a kind nursing home employee with a story of her own, to join them on their journey.","https://m.media-amazon.com/images/M/MV5BOWVmZGQ0MGYtMDI1Yy00MDkxLWJiYjQtMmZjZmQ0NDFmMDRhXkEyXkFqcGdeQXVyNjg3MDMxNzU@._V1_UX182_CR0,0,182,268_AL_.jpg"
"1575477080-168","https://www.imdb.com/chart/moviemeter/?ref_=nv_mv_mpm","Gemini Man","https://www.imdb.com/title/tt1025100/?pf_rd_m=A2FGELUUNOQJNL&pf_rd_p=ea4e08e1-c8a3-47b5-ac3a-75026647c16e&pf_rd_r=495EYDSA8662H5W48FYS&pf_rd_s=center-1&pf_rd_t=15506&pf_rd_i=moviemeter&ref_=chtmvm_tt_33","Gemini Man (2019)","5.7","11 October 2019 (USA)","A retiring assassin, Henry Brogan, finds himself pursued by a mysterious killer that can predict his every move. Discovering that he's being hunted by a younger clone of himself, Henry needs to find out why he's being targeted and who the creator is.","https://m.media-amazon.com/images/M/MV5BNjI5OTNkMzUtZDYzYy00NWQ5LTg4YzYtZmZjZDI0MGQzNGY2XkEyXkFqcGdeQXVyNjg2NjQwMDQ@._V1_UX182_CR0,0,182,268_AL_.jpg"
"1575477022-142","https://www.imdb.com/chart/moviemeter/?ref_=nv_mv_mpm","Star Wars: Episode I - The Phantom Menace","https://www.imdb.com/title/tt0120915/?pf_rd_m=A2FGELUUNOQJNL&pf_rd_p=ea4e08e1-c8a3-47b5-ac3a-75026647c16e&pf_rd_r=495EYDSA8662H5W48FYS&pf_rd_s=center-1&pf_rd_t=15506&pf_rd_i=moviemeter&ref_=chtmvm_tt_59","Star Wars: Episode I - The Phantom Menace (1999)","6.5","19 May 1999 (USA)","The evil Trade Federation, led by Nute Gunray is planning to take over the peaceful world of Naboo. Jedi Knights Qui-Gon Jinn and Obi-Wan Kenobi are sent to confront the leaders. But not everything goes to plan. The two Jedi escape, and along with their new Gungan friend, Jar Jar Binks head to Naboo to warn Queen Amidala, but droids have already started to capture Naboo and the Queen is not safe there. Eventually, they land on Tatooine, where they become friends with a young boy known as Anakin Skywalker. Qui-Gon is curious about the boy, and sees a bright future for him. The group must now find a way of getting to Coruscant and to finally solve this trade dispute, but there is someone else hiding in the shadows. Are the Sith really extinct? Is the Queen really who she says she is? And what's so special about this young boy?","https://m.media-amazon.com/images/M/MV5BYTRhNjcwNWQtMGJmMi00NmQyLWE2YzItODVmMTdjNWI0ZDA2XkEyXkFqcGdeQXVyNTAyODkwOQ@@._V1_UX182_CR0,0,182,268_AL_.jpg"
"1575476935-102","https://www.imdb.com/chart/moviemeter/?ref_=nv_mv_mpm","E.T. the Extra-Terrestrial","https://www.imdb.com/title/tt0083866/?pf_rd_m=A2FGELUUNOQJNL&pf_rd_p=ea4e08e1-c8a3-47b5-ac3a-75026647c16e&pf_rd_r=495EYDSA8662H5W48FYS&pf_rd_s=center-1&pf_rd_t=15506&pf_rd_i=moviemeter&ref_=chtmvm_tt_99","E.T. the Extra-Terrestrial (1982)","7.8","11 June 1982 (USA)","After a gentle alien becomes stranded on Earth, the being is discovered and befriended by a young boy named Elliott. Bringing the extraterrestrial into his suburban California house, Elliott introduces E.T., as the alien is dubbed, to his brother and his little sister, Gertie, and the children decide to keep its existence a secret. Soon, however, E.T. falls ill, resulting in government intervention and a dire situation for both Elliott and the alien.","https://m.media-amazon.com/images/M/MV5BMTQ2ODFlMDAtNzdhOC00ZDYzLWE3YTMtNDU4ZGFmZmJmYTczXkEyXkFqcGdeQXVyMTQxNzMzNDI@._V1_UX182_CR0,0,182,268_AL_.jpg"
"1575477142-195","https://www.imdb.com/chart/moviemeter/?ref_=nv_mv_mpm","Joker","https://www.imdb.com/title/tt7286456/?pf_rd_m=A2FGELUUNOQJNL&pf_rd_p=ea4e08e1-c8a3-47b5-ac3a-75026647c16e&pf_rd_r=495EYDSA8662H5W48FYS&pf_rd_s=center-1&pf_rd_t=15506&pf_rd_i=moviemeter&ref_=chtmvm_tt_6","Joker (2019)","8.7","4 October 2019 (USA)","Joker centers around an origin of the iconic arch nemesis and is an original, standalone story not seen before on the big screen. Todd Phillips' exploration of Arthur Fleck (Joaquin Phoenix), a man disregarded by society is not only a gritty character study, but also a broader cautionary tale.","https://m.media-amazon.com/images/M/MV5BNGVjNWI4ZGUtNzE0MS00YTJmLWE0ZDctN2ZiYTk2YmI3NTYyXkEyXkFqcGdeQXVyMTkxNjUyNQ@@._V1_UX182_CR0,0,182,268_AL_.jpg"
"1575477062-160","https://www.imdb.com/chart/moviemeter/?ref_=nv_mv_mpm","Us","https://www.imdb.com/title/tt6857112/?pf_rd_m=A2FGELUUNOQJNL&pf_rd_p=ea4e08e1-c8a3-47b5-ac3a-75026647c16e&pf_rd_r=495EYDSA8662H5W48FYS&pf_rd_s=center-1&pf_rd_t=15506&pf_rd_i=moviemeter&ref_=chtmvm_tt_41","Us (2019)","6.9","22 March 2019 (USA)","In order to get away from their busy lives, the Wilson family takes a vacation to Santa Cruz, California with the plan of spending time with their friends, the Tyler family. On a day at the beach, their young son Jason almost wanders off, causing his mother Adelaide to become protective of her family. That night, four mysterious people break into Adelaide's childhood home where they're staying. The family is shocked to find out that the intruders look like them, only with grotesque appearances.","https://m.media-amazon.com/images/M/MV5BZTliNWJhM2YtNDc1MC00YTk1LWE2MGYtZmE4M2Y5ODdlNzQzXkEyXkFqcGdeQXVyMzY0MTE3NzU@._V1_UX182_CR0,0,182,268_AL_.jpg"
"1575477108-179","https://www.imdb.com/chart/moviemeter/?ref_=nv_mv_mpm","It Chapter Two","https://www.imdb.com/title/tt7349950/?pf_rd_m=A2FGELUUNOQJNL&pf_rd_p=ea4e08e1-c8a3-47b5-ac3a-75026647c16e&pf_rd_r=495EYDSA8662H5W48FYS&pf_rd_s=center-1&pf_rd_t=15506&pf_rd_i=moviemeter&ref_=chtmvm_tt_22","It Chapter Two (2019)","6.8","6 September 2019 (USA)","Defeated by members of the Losers' Club, the evil clown Pennywise returns 27 years later to terrorize the town of Derry, Maine, once again. Now adults, the childhood friends have long since gone their separate ways. But when people start disappearing, Mike Hanlon calls the others home for one final stand. Damaged by scars from the past, the united Losers must conquer their deepest fears to destroy the shape-shifting Pennywise -- now more powerful than ever.","https://m.media-amazon.com/images/M/MV5BYTJlNjlkZTktNjEwOS00NzI5LTlkNDAtZmEwZDFmYmM2MjU2XkEyXkFqcGdeQXVyNjg2NjQwMDQ@._V1_UX182_CR0,0,182,268_AL_.jpg"
"1575476983-124","https://www.imdb.com/chart/moviemeter/?ref_=nv_mv_mpm","Love, Actually","https://www.imdb.com/title/tt0314331/?pf_rd_m=A2FGELUUNOQJNL&pf_rd_p=ea4e08e1-c8a3-47b5-ac3a-75026647c16e&pf_rd_r=495EYDSA8662H5W48FYS&pf_rd_s=center-1&pf_rd_t=15506&pf_rd_i=moviemeter&ref_=chtmvm_tt_77","Love, Actually (2003)","7.6","14 November 2003 (USA)","Against the backdrop of aged has-been rock star Billy Mack's Christmas themed comeback cover of ""Love Is All Around"" which he knows is crap and makes no bones about it much to his manager Joe's chagrin as he promotes the record, several interrelated stories about romantic love and the obstacles to happiness through love for Londoners are presented in the five weeks preceding Christmas. Daniel's wife has just passed away, leaving him to take care of his adolescent stepson Sam by himself. Daniel is uncertain how to deal with Sam and his problems without his wife present, especially in light of a potential budding romance within their household. Juliet and Peter have just gotten married. They believe that Peter's best friend and best man Mark hates Juliet but won't say so to his or her face. Others looking at the situation from the outside believe Mark is jealous of Juliet as he is in love with Peter himself. Jamie, a writer, is taking a writing retreat by himself in rural France ...","https://m.media-amazon.com/images/M/MV5BMTY4NjQ5NDc0Nl5BMl5BanBnXkFtZTYwNjk5NDM3._V1_UX182_CR0,0,182,268_AL_.jpg"
"1575477138-193","https://www.imdb.com/chart/moviemeter/?ref_=nv_mv_mpm","Charlie's Angels","https://www.imdb.com/title/tt5033998/?pf_rd_m=A2FGELUUNOQJNL&pf_rd_p=ea4e08e1-c8a3-47b5-ac3a-75026647c16e&pf_rd_r=495EYDSA8662H5W48FYS&pf_rd_s=center-1&pf_rd_t=15506&pf_rd_i=moviemeter&ref_=chtmvm_tt_8","Charlie's Angels (2019)","4.0","15 November 2019 (USA)","Kristen Stewart, Naomi Scott, and Ella Balinska are working for the mysterious Charles Townsend, whose security and investigative agency has expanded internationally. With the world's smartest, bravest, and most highly trained women all over the globe, there are now teams of Angels guided by multiple Bosleys taking on the toughest jobs everywhere.","https://m.media-amazon.com/images/M/MV5BN2VkMjQwZWMtMzc1NC00ZjJiLWJlNTMtNmRjOTE2ZTJmYzUwXkEyXkFqcGdeQXVyMjUxMTY3ODM@._V1_UY268_CR7,0,182,268_AL_.jpg"
"1575476957-112","https://www.imdb.com/chart/moviemeter/?ref_=nv_mv_mpm","Birds of Prey: And the Fantabulous Emancipation of One Harley Quinn","https://www.imdb.com/title/tt7713068/?pf_rd_m=A2FGELUUNOQJNL&pf_rd_p=ea4e08e1-c8a3-47b5-ac3a-75026647c16e&pf_rd_r=495EYDSA8662H5W48FYS&pf_rd_s=center-1&pf_rd_t=15506&pf_rd_i=moviemeter&ref_=chtmvm_tt_89","Birds of Prey: And the Fantabulous Emancipation of One Harley Quinn (2020)","null","7 February 2020 (USA)","A twisted tale told by Harley Quinn herself, when Gotham's most nefariously narcissistic villain, Roman Sionis, and his zealous right-hand, Zsasz, put a target on a young girl named Cass, the city is turned upside down looking for her. Harley, Huntress, Black Canary and Renee Montoya's paths collide, and the unlikely foursome have no choice but to team up to take Roman down.","https://m.media-amazon.com/images/M/MV5BZjJmYmFmZGQtYWYzYS00N2UzLTkzYjktYmNkYzQ0MTJlN2M4XkEyXkFqcGdeQXVyMTkxNjUyNQ@@._V1_UX182_CR0,0,182,268_AL_.jpg"
"1575476994-129","https://www.imdb.com/chart/moviemeter/?ref_=nv_mv_mpm","Jumanji: Welcome to the Jungle","https://www.imdb.com/title/tt2283362/?pf_rd_m=A2FGELUUNOQJNL&pf_rd_p=ea4e08e1-c8a3-47b5-ac3a-75026647c16e&pf_rd_r=495EYDSA8662H5W48FYS&pf_rd_s=center-1&pf_rd_t=15506&pf_rd_i=moviemeter&ref_=chtmvm_tt_72","Jumanji: Welcome to the Jungle (2017)","6.9","20 December 2017 (USA)","In a brand new Jumanji adventure, four high school kids discover an old video game console and are drawn into the game's jungle setting, literally becoming the adult avatars they chose. What they discover is that you don't just play Jumanji - you must survive it. To beat the game and return to the real world, they'll have to go on the most dangerous adventure of their lives, discover what Alan Parrish left 20 years ago, and change the way they think about themselves - or they'll be stuck in the game forever, to be played by others without break.","https://m.media-amazon.com/images/M/MV5BODQ0NDhjYWItYTMxZi00NTk2LWIzNDEtOWZiYWYxZjc2MTgxXkEyXkFqcGdeQXVyMTQxNzMzNDI@._V1_UX182_CR0,0,182,268_AL_.jpg"
"1575476990-127","https://www.imdb.com/chart/moviemeter/?ref_=nv_mv_mpm","Maleficent: Mistress of Evil","https://www.imdb.com/title/tt4777008/?pf_rd_m=A2FGELUUNOQJNL&pf_rd_p=ea4e08e1-c8a3-47b5-ac3a-75026647c16e&pf_rd_r=495EYDSA8662H5W48FYS&pf_rd_s=center-1&pf_rd_t=15506&pf_rd_i=moviemeter&ref_=chtmvm_tt_74","Maleficent: Mistress of Evil (2019)","7.0","18 October 2019 (USA)","Five peaceful years have passed since the demise of the duplicitous monarch, King Stefan, in Maleficent (2014), and, now, an unforeseen but joyous event is about to unite the mortal Kingdom of Ulstead and the fairy-realm of the enchanted Moors. However, once more, odious treason stands in the way of true young love, as malicious envy, unbounded ambition, and ignoble thoughts creep in the hearts of men. Now, two neighbouring worlds find themselves divided by fear and prejudice, and, sadly, the impending union paves the way for an all-out confrontation. Suddenly, the magnificent winged sprite, Maleficent, and the lovely Princess Aurora are caught in the middle. Does love always end well?","https://m.media-amazon.com/images/M/MV5BZjJiYTExOTAtNWU0Yi00NzJjLTkwOTgtOTU2NWM1ZjJmYWVhXkEyXkFqcGdeQXVyMTkxNjUyNQ@@._V1_UX182_CR0,0,182,268_AL_.jpg"
"1575477146-197","https://www.imdb.com/chart/moviemeter/?ref_=nv_mv_mpm","Once Upon a Time ... in Hollywood","https://www.imdb.com/title/tt7131622/?pf_rd_m=A2FGELUUNOQJNL&pf_rd_p=ea4e08e1-c8a3-47b5-ac3a-75026647c16e&pf_rd_r=495EYDSA8662H5W48FYS&pf_rd_s=center-1&pf_rd_t=15506&pf_rd_i=moviemeter&ref_=chtmvm_tt_4","Once Upon a Time ... in Hollywood (2019)","7.9","26 July 2019 (USA)","Quentin Tarantino's Once Upon a Time... in Hollywood visits 1969 Los Angeles, where everything is changing, as TV star Rick Dalton (Leonardo DiCaprio) and his longtime stunt double Cliff Booth (Brad Pitt) make their way around an industry they hardly recognize anymore. The ninth film from the writer-director features a large ensemble cast and multiple storylines in a tribute to the final moments of Hollywood's golden age.","https://m.media-amazon.com/images/M/MV5BOTg4ZTNkZmUtMzNlZi00YmFjLTk1MmUtNWQwNTM0YjcyNTNkXkEyXkFqcGdeQXVyNjg2NjQwMDQ@._V1_UX182_CR0,0,182,268_AL_.jpg"
"1575477153-200","https://www.imdb.com/chart/moviemeter/?ref_=nv_mv_mpm","The Irishman","https://www.imdb.com/title/tt1302006/?pf_rd_m=A2FGELUUNOQJNL&pf_rd_p=ea4e08e1-c8a3-47b5-ac3a-75026647c16e&pf_rd_r=495EYDSA8662H5W48FYS&pf_rd_s=center-1&pf_rd_t=15506&pf_rd_i=moviemeter&ref_=chtmvm_tt_1","The Irishman (2019)","8.3","27 November 2019 (USA)","Frank ""The Irishman"" Sheeran is a man with a lot on his mind. The former labor union high official and hitman, learned to kill serving in Italy during the Second World War. He now looks back on his life and the hits that defined his mob career, maintaining connections with the Bufalino crime family. In particular, the part he claims to have played in the disappearance of his life-long friend, Jimmy Hoffa, the former president of the International Brotherhood of Teamsters, who mysteriously vanished in late July 1975 at the age of 62.","https://m.media-amazon.com/images/M/MV5BMGUyM2ZiZmUtMWY0OC00NTQ4LThkOGUtNjY2NjkzMDJiMWMwXkEyXkFqcGdeQXVyMzY0MTE3NzU@._V1_UY268_CR0,0,182,268_AL_.jpg"
"1575476959-113","https://www.imdb.com/chart/moviemeter/?ref_=nv_mv_mpm","The Call of the Wild","https://www.imdb.com/title/tt7504726/?pf_rd_m=A2FGELUUNOQJNL&pf_rd_p=ea4e08e1-c8a3-47b5-ac3a-75026647c16e&pf_rd_r=495EYDSA8662H5W48FYS&pf_rd_s=center-1&pf_rd_t=15506&pf_rd_i=moviemeter&ref_=chtmvm_tt_88","The Call of the Wild (2020)","null","21 February 2020 (USA)","A sled dog struggles for survival in the Alaskan wild.","https://m.media-amazon.com/images/M/MV5BNWI1YzQwMDQtNzczMC00YWQ2LThmNjMtMThkMTFhNjBmMmQ3XkEyXkFqcGdeQXVyNDg4NjY5OTQ@._V1_UX182_CR0,0,182,268_AL_.jpg"
"1575477077-167","https://www.imdb.com/chart/moviemeter/?ref_=nv_mv_mpm","Lady and the Tramp","https://www.imdb.com/title/tt8096832/?pf_rd_m=A2FGELUUNOQJNL&pf_rd_p=ea4e08e1-c8a3-47b5-ac3a-75026647c16e&pf_rd_r=495EYDSA8662H5W48FYS&pf_rd_s=center-1&pf_rd_t=15506&pf_rd_i=moviemeter&ref_=chtmvm_tt_34","Lady and the Tramp (2019)","6.4","12 November 2019 (USA)","CGI re-imagining of the 1955 Disney classic.","https://m.media-amazon.com/images/M/MV5BM2U3ZDBkYWUtNDY3Ny00OTliLTgxNTAtY2QwZTQxMmEwOTQ1XkEyXkFqcGdeQXVyMTkxNjUyNQ@@._V1_UX182_CR0,0,182,268_AL_.jpg"
"1575476996-130","https://www.imdb.com/chart/moviemeter/?ref_=nv_mv_mpm","Spider-Man: Far from Home","https://www.imdb.com/title/tt6320628/?pf_rd_m=A2FGELUUNOQJNL&pf_rd_p=ea4e08e1-c8a3-47b5-ac3a-75026647c16e&pf_rd_r=495EYDSA8662H5W48FYS&pf_rd_s=center-1&pf_rd_t=15506&pf_rd_i=moviemeter&ref_=chtmvm_tt_71","Spider-Man: Far from Home (2019)","7.6","2 July 2019 (USA)","Our friendly neighborhood Super Hero decides to join his best friends Ned, MJ, and the rest of the gang on a European vacation. However, Peter's plan to leave super heroics behind for a few weeks are quickly scrapped when he begrudgingly agrees to help Nick Fury uncover the mystery of several elemental creature attacks, creating havoc across the continent.","https://m.media-amazon.com/images/M/MV5BMGZlNTY1ZWUtYTMzNC00ZjUyLWE0MjQtMTMxN2E3ODYxMWVmXkEyXkFqcGdeQXVyMDM2NDM2MQ@@._V1_UX182_CR0,0,182,268_AL_.jpg"
"1575476988-126","https://www.imdb.com/chart/moviemeter/?ref_=nv_mv_mpm","Dr. Seuss' The Grinch","https://www.imdb.com/title/tt2709692/?pf_rd_m=A2FGELUUNOQJNL&pf_rd_p=ea4e08e1-c8a3-47b5-ac3a-75026647c16e&pf_rd_r=495EYDSA8662H5W48FYS&pf_rd_s=center-1&pf_rd_t=15506&pf_rd_i=moviemeter&ref_=chtmvm_tt_75","Dr. Seuss' The Grinch (2018)","6.3","9 November 2018 (USA)","For their eighth fully animated feature, Illumination and Universal Pictures present The Grinch, based on Dr. Seuss' beloved holiday classic. The Grinch tells the story of a cynical grump who goes on a mission to steal Christmas, only to have his heart changed by a young girl's generous holiday spirit. Funny, heartwarming, and visually stunning, it's a universal story about the spirit of Christmas and the indomitable power of optimism. Academy Award® nominee Benedict Cumberbatch lends his voice to the infamous Grinch, who lives a solitary life inside a cave on Mt. Crumpet with only his loyal dog, Max, for company. With a cave rigged with inventions and contraptions for his day-to-day needs, the Grinch only sees his neighbors in Whoville when he runs out of food. Each year at Christmas they disrupt his tranquil solitude with their increasingly bigger, brighter, and louder celebrations. When the Whos declare they are going to make Christmas three times bigger this year, the Grinch ...","https://m.media-amazon.com/images/M/MV5BYmE5Yjg0MzktYzgzMi00YTFiLWJjYTItY2M5MmI1ODI4MDY3XkEyXkFqcGdeQXVyMTMxODk2OTU@._V1_UX182_CR0,0,182,268_AL_.jpg"
"1575476944-106","https://www.imdb.com/chart/moviemeter/?ref_=nv_mv_mpm","Aladdin","https://www.imdb.com/title/tt6139732/?pf_rd_m=A2FGELUUNOQJNL&pf_rd_p=ea4e08e1-c8a3-47b5-ac3a-75026647c16e&pf_rd_r=495EYDSA8662H5W48FYS&pf_rd_s=center-1&pf_rd_t=15506&pf_rd_i=moviemeter&ref_=chtmvm_tt_95","Aladdin (2019)","7.1","24 May 2019 (USA)","A kind-hearted street urchin Aladdin vies for the love of the beautiful princess Jasmine, the princess of Agrabah. When he finds a magic lamp, he uses a genie's magic power to make himself a prince in order to marry her. He is also on a mission to stop the powerful Jafar who plots to steal the magic lamp that could make his deepest wishes come true.","https://m.media-amazon.com/images/M/MV5BMjQ2ODIyMjY4MF5BMl5BanBnXkFtZTgwNzY4ODI2NzM@._V1_UX182_CR0,0,182,268_AL_.jpg"
"1575477093-172","https://www.imdb.com/chart/moviemeter/?ref_=nv_mv_mpm","Avengers: Endgame","https://www.imdb.com/title/tt4154796/?pf_rd_m=A2FGELUUNOQJNL&pf_rd_p=ea4e08e1-c8a3-47b5-ac3a-75026647c16e&pf_rd_r=495EYDSA8662H5W48FYS&pf_rd_s=center-1&pf_rd_t=15506&pf_rd_i=moviemeter&ref_=chtmvm_tt_29","Avengers: Endgame (2019)","8.5","26 April 2019 (USA)","After the devastating events of Avengers: Infinity War (2018), the universe is in ruins due to the efforts of the Mad Titan, Thanos. With the help of remaining allies, the Avengers must assemble once more in order to undo Thanos's actions and undo the chaos to the universe, no matter what consequences may be in store, and no matter who they face...","https://m.media-amazon.com/images/M/MV5BMTc5MDE2ODcwNV5BMl5BanBnXkFtZTgwMzI2NzQ2NzM@._V1_UX182_CR0,0,182,268_AL_.jpg"
"1575477053-156","https://www.imdb.com/chart/moviemeter/?ref_=nv_mv_mpm","Let It Snow","https://www.imdb.com/title/tt1950235/?pf_rd_m=A2FGELUUNOQJNL&pf_rd_p=ea4e08e1-c8a3-47b5-ac3a-75026647c16e&pf_rd_r=495EYDSA8662H5W48FYS&pf_rd_s=center-1&pf_rd_t=15506&pf_rd_i=moviemeter&ref_=chtmvm_tt_45","Let It Snow (2019)","5.8","8 November 2019 (USA)","In a small town on Christmas Eve, a snowstorm brings together a group of young people.","https://m.media-amazon.com/images/M/MV5BYmM0NzRiODEtMTIzNS00MTgwLWFjZDQtNjUxZjI0MDdjZWQ4XkEyXkFqcGdeQXVyMTMxODk2OTU@._V1_UX182_CR0,0,182,268_AL_.jpg"
"1575477031-146","https://www.imdb.com/chart/moviemeter/?ref_=nv_mv_mpm","National Lampoon's Christmas Vacation","https://www.imdb.com/title/tt0097958/?pf_rd_m=A2FGELUUNOQJNL&pf_rd_p=ea4e08e1-c8a3-47b5-ac3a-75026647c16e&pf_rd_r=495EYDSA8662H5W48FYS&pf_rd_s=center-1&pf_rd_t=15506&pf_rd_i=moviemeter&ref_=chtmvm_tt_55","National Lampoon's Christmas Vacation (1989)","7.6","1 December 1989 (USA)","It's Christmas time and the Griswolds are preparing for a family seasonal celebration, but things never run smoothly for Clark, his wife Ellen and their two kids. Clark's continual bad luck is worsened by his obnoxious family guests, but he manages to keep going knowing that his Christmas bonus is due soon.","https://m.media-amazon.com/images/M/MV5BMGZkMWQ2MzMtYTkxYS00OThmLWI0ZTQtNmY0ZTkyY2E4MjliXkEyXkFqcGdeQXVyMTQxNzMzNDI@._V1_UX182_CR0,0,182,268_AL_.jpg"
"1575476981-123","https://www.imdb.com/chart/moviemeter/?ref_=nv_mv_mpm","Emma","https://www.imdb.com/title/tt9214832/?pf_rd_m=A2FGELUUNOQJNL&pf_rd_p=ea4e08e1-c8a3-47b5-ac3a-75026647c16e&pf_rd_r=495EYDSA8662H5W48FYS&pf_rd_s=center-1&pf_rd_t=15506&pf_rd_i=moviemeter&ref_=chtmvm_tt_78","Emma (2020)","null","21 February 2020 (USA)","Jane Austen's beloved comedy about finding your equal and earning your happy ending, is reimagined in this. Handsome, clever, and rich, Emma Woodhouse is a restless queen bee without rivals in her sleepy little town. In this glittering satire of social class and the pain of growing up, Emma must adventure through misguided matches and romantic missteps to find the love that has been there all along.","https://m.media-amazon.com/images/M/MV5BMzU4OTc4OTgtNWVjMC00NjUzLWJhYzEtOTVkYWI2YjQ4NjQxXkEyXkFqcGdeQXVyMTkxNjUyNQ@@._V1_UX182_CR0,0,182,268_AL_.jpg"
"1575476939-104","https://www.imdb.com/chart/moviemeter/?ref_=nv_mv_mpm","3022","https://www.imdb.com/title/tt9465600/?pf_rd_m=A2FGELUUNOQJNL&pf_rd_p=ea4e08e1-c8a3-47b5-ac3a-75026647c16e&pf_rd_r=495EYDSA8662H5W48FYS&pf_rd_s=center-1&pf_rd_t=15506&pf_rd_i=moviemeter&ref_=chtmvm_tt_97","3022 (2019)","4.4","22 November 2019 (USA)","A group of astronauts living in the haunting emptiness of deep space awake to find earth has suffered an extinction level event.","https://m.media-amazon.com/images/M/MV5BNWNhMDdiYzktMjQzNy00NGYwLWIwMTQtMmFiNzZkZGRjOTI3XkEyXkFqcGdeQXVyMzQwMTY2Nzk@._V1_UX182_CR0,0,182,268_AL_.jpg"
"1575477000-132","https://www.imdb.com/chart/moviemeter/?ref_=nv_mv_mpm","Dora and the Lost City of Gold","https://www.imdb.com/title/tt7547410/?pf_rd_m=A2FGELUUNOQJNL&pf_rd_p=ea4e08e1-c8a3-47b5-ac3a-75026647c16e&pf_rd_r=495EYDSA8662H5W48FYS&pf_rd_s=center-1&pf_rd_t=15506&pf_rd_i=moviemeter&ref_=chtmvm_tt_69","Dora and the Lost City of Gold (2019)","6.0","9 August 2019 (USA)","Having spent most of her life exploring the jungle with her parents, nothing could prepare Dora for her most dangerous adventure ever: high school. Always the explorer, Dora quickly finds herself leading Boots, Diego, a mysterious jungle inhabitant, and a ragtag group of teens on a live-action adventure to save her parents and solve the impossible mystery behind a lost Inca civilization.","https://m.media-amazon.com/images/M/MV5BOTVhMzYxNjgtYzYwOC00MGIwLWJmZGEtMjgwMzgxMWUwNmRhXkEyXkFqcGdeQXVyNjg2NjQwMDQ@._V1_UX182_CR0,0,182,268_AL_.jpg"
"1575477095-173","https://www.imdb.com/chart/moviemeter/?ref_=nv_mv_mpm","Queen & Slim","https://www.imdb.com/title/tt8722346/?pf_rd_m=A2FGELUUNOQJNL&pf_rd_p=ea4e08e1-c8a3-47b5-ac3a-75026647c16e&pf_rd_r=495EYDSA8662H5W48FYS&pf_rd_s=center-1&pf_rd_t=15506&pf_rd_i=moviemeter&ref_=chtmvm_tt_28","Queen & Slim (2019)","6.8","27 November 2019 (USA)","Slim and Queen's first date takes an unexpected turn when a policeman pulls them over for a minor traffic violation. When the situation escalates, Slim takes the officer's gun and shoots him in self-defence. Now labelled cop killers in the media, Slim and Queen feel that they have no choice but to go on the run and evade the law. When a video of the incident goes viral, the unwitting outlaws soon become a symbol of trauma, terror, grief and pain for people all across the country","https://m.media-amazon.com/images/M/MV5BMjIzYmJkZmEtM2RkZS00MDA4LTg4NjAtOGRkN2EwZmFmMWE4XkEyXkFqcGdeQXVyNjg2NjQwMDQ@._V1_UX182_CR0,0,182,268_AL_.jpg"
"1575477123-186","https://www.imdb.com/chart/moviemeter/?ref_=nv_mv_mpm","Doctor Sleep","https://www.imdb.com/title/tt5606664/?pf_rd_m=A2FGELUUNOQJNL&pf_rd_p=ea4e08e1-c8a3-47b5-ac3a-75026647c16e&pf_rd_r=495EYDSA8662H5W48FYS&pf_rd_s=center-1&pf_rd_t=15506&pf_rd_i=moviemeter&ref_=chtmvm_tt_15","Doctor Sleep (2019)","7.6","8 November 2019 (USA)","On highways across America, a tribe of people called The True Knot travel in search of sustenance. They look harmless-mostly old, lots of polyester, and married to their RVs. But as Dan Torrance knows, and tween Abra Stone learns, The True Knot are quasi-immortal, living off the ""steam"" that children with the ""shining"" produce when they are slowly tortured to death. Haunted by the inhabitants of the Overlook Hotel where he spent one horrific childhood year, Dan has been drifting for decades, desperate to shed his father's legacy of despair, alcoholism, and violence. Finally, he settles in a New Hampshire town, an AA community that sustains him, and a job at a nursing home where his remnant ""shining"" power provides the crucial final comfort to the dying. Aided by a prescient cat, he becomes ""Doctor Sleep."" Then Dan meets the evanescent Abra Stone, and it is her spectacular gift, the brightest shining ever seen, that reignites Dan's own demons and summons him to a battle for Abra's soul...","https://m.media-amazon.com/images/M/MV5BYmY3NGJlYTItYmQ4OS00ZTEwLWIzODItMjMzNWU2MDE0NjZhXkEyXkFqcGdeQXVyMzQzMDA3MTI@._V1_UX182_CR0,0,182,268_AL_.jpg"
"1575477117-183","https://www.imdb.com/chart/moviemeter/?ref_=nv_mv_mpm","1917","https://www.imdb.com/title/tt8579674/?pf_rd_m=A2FGELUUNOQJNL&pf_rd_p=ea4e08e1-c8a3-47b5-ac3a-75026647c16e&pf_rd_r=495EYDSA8662H5W48FYS&pf_rd_s=center-1&pf_rd_t=15506&pf_rd_i=moviemeter&ref_=chtmvm_tt_18","1917 (2019)","8.4","25 December 2019 (USA)","Schofield and Blake, two young British soldiers during the First World War, are given a seemingly impossible mission. With time against them, they must deliver a message, deep in enemy territory, that will stop their own men, and Blake's own brother, walking straight into a deadly trap.","https://m.media-amazon.com/images/M/MV5BOTdmNTFjNDEtNzg0My00ZjkxLTg1ZDAtZTdkMDc2ZmFiNWQ1XkEyXkFqcGdeQXVyNTAzNzgwNTg@._V1_UX182_CR0,0,182,268_AL_.jpg"
"1575477110-180","https://www.imdb.com/chart/moviemeter/?ref_=nv_mv_mpm","The Knight Before Christmas","https://www.imdb.com/title/tt10060094/?pf_rd_m=A2FGELUUNOQJNL&pf_rd_p=ea4e08e1-c8a3-47b5-ac3a-75026647c16e&pf_rd_r=495EYDSA8662H5W48FYS&pf_rd_s=center-1&pf_rd_t=15506&pf_rd_i=moviemeter&ref_=chtmvm_tt_21","The Knight Before Christmas (2019)","5.5","21 November 2019 (USA)","After a sorceress transports medieval knight Sir Cole (Josh Whitehouse) to present-day Ohio during the holiday season, he befriends Brooke (Vanessa Hudgens), a clever and kind science teacher who's been disillusioned by love. Brooke helps Sir Cole navigate the modern world and tries to help him discover how to fulfill his mysterious one true quest - the only act that will return him home. But as he and Brooke grow closer, Sir Cole begins to wonder just how much he wants to return to his old life.","https://m.media-amazon.com/images/M/MV5BYzkyZjMyOTAtYzAwZS00NWFiLTkyOWYtYzBlN2E5YTBkMGRmXkEyXkFqcGdeQXVyMTkxNjUyNQ@@._V1_UX182_CR0,0,182,268_AL_.jpg"
"1575477005-134","https://www.imdb.com/chart/moviemeter/?ref_=nv_mv_mpm","It","https://www.imdb.com/title/tt1396484/?pf_rd_m=A2FGELUUNOQJNL&pf_rd_p=ea4e08e1-c8a3-47b5-ac3a-75026647c16e&pf_rd_r=495EYDSA8662H5W48FYS&pf_rd_s=center-1&pf_rd_t=15506&pf_rd_i=moviemeter&ref_=chtmvm_tt_67","It (2017)","7.3","8 September 2017 (USA)","In the Town of Derry, the local kids are disappearing one by one. In a place known as 'The Barrens', a group of seven kids are united by their horrifying and strange encounters with an evil clown and their determination to kill It.","https://m.media-amazon.com/images/M/MV5BZDVkZmI0YzAtNzdjYi00ZjhhLWE1ODEtMWMzMWMzNDA0NmQ4XkEyXkFqcGdeQXVyNzYzODM3Mzg@._V1_UX182_CR0,0,182,268_AL_.jpg"
"1575477082-169","https://www.imdb.com/chart/moviemeter/?ref_=nv_mv_mpm","Cats","https://www.imdb.com/title/tt5697572/?pf_rd_m=A2FGELUUNOQJNL&pf_rd_p=ea4e08e1-c8a3-47b5-ac3a-75026647c16e&pf_rd_r=495EYDSA8662H5W48FYS&pf_rd_s=center-1&pf_rd_t=15506&pf_rd_i=moviemeter&ref_=chtmvm_tt_32","Cats (2019)","null","20 December 2019 (USA)","A tribe of cats called the Jellicles must decide yearly which one will ascend to the Heaviside Layer and come back to a new Jellicle life.","https://m.media-amazon.com/images/M/MV5BNTE4NWRhYmQtOTY4YS00OWMwLWEwYWUtZjVjNDhhODc5YzNmXkEyXkFqcGdeQXVyODkzNTgxMDg@._V1_UX182_CR0,0,182,268_AL_.jpg"
"1575477100-175","https://www.imdb.com/chart/moviemeter/?ref_=nv_mv_mpm","The Lion King","https://www.imdb.com/title/tt6105098/?pf_rd_m=A2FGELUUNOQJNL&pf_rd_p=ea4e08e1-c8a3-47b5-ac3a-75026647c16e&pf_rd_r=495EYDSA8662H5W48FYS&pf_rd_s=center-1&pf_rd_t=15506&pf_rd_i=moviemeter&ref_=chtmvm_tt_26","The Lion King (2019)","7.0","19 July 2019 (USA)","In Africa, the lion cub Simba is the pride and joy of his parents King Mufasa and Queen Sarabi. Mufasa prepares Simba to be the next king of the jungle. However, the naive Simba believes in his envious uncle Scar that wants to kill Mufasa and Simba to become the next king. He lures Simba and his friend Nala to go to a forbidden place and they are attacked by hyenas but they are rescued by Mufasa. Then Scar plots another scheme to kill Mufasa and Simba but the cub escapes alive and leaves the kingdom believing he was responsible for the death of his father. Now Scar becomes the king supported by the evil hyenas while Simba grows in a distant land. Sometime later, Nala meets Simba and tells that the kingdom has become a creepy wasteland. What will Simba do?","https://m.media-amazon.com/images/M/MV5BMjIwMjE1Nzc4NV5BMl5BanBnXkFtZTgwNDg4OTA1NzM@._V1_UX182_CR0,0,182,268_AL_.jpg"
"1575476973-119","https://www.imdb.com/chart/moviemeter/?ref_=nv_mv_mpm","Abominable","https://www.imdb.com/title/tt6324278/?pf_rd_m=A2FGELUUNOQJNL&pf_rd_p=ea4e08e1-c8a3-47b5-ac3a-75026647c16e&pf_rd_r=495EYDSA8662H5W48FYS&pf_rd_s=center-1&pf_rd_t=15506&pf_rd_i=moviemeter&ref_=chtmvm_tt_82","Abominable (2019)","7.0","27 September 2019 (USA)","Three teenagers must help a Yeti return to his family while avoiding a wealthy man and a zoologist who want it for their own needs.","https://m.media-amazon.com/images/M/MV5BMTYzY2U0NjctNDJkNS00MmE3LWFiZGQtZjllZTIzYTQ4ODJkXkEyXkFqcGdeQXVyMDM2NDM2MQ@@._V1_UX182_CR0,0,182,268_AL_.jpg"
"1575476977-121","https://www.imdb.com/chart/moviemeter/?ref_=nv_mv_mpm","Zombieland: Double Tap","https://www.imdb.com/title/tt1560220/?pf_rd_m=A2FGELUUNOQJNL&pf_rd_p=ea4e08e1-c8a3-47b5-ac3a-75026647c16e&pf_rd_r=495EYDSA8662H5W48FYS&pf_rd_s=center-1&pf_rd_t=15506&pf_rd_i=moviemeter&ref_=chtmvm_tt_80","Zombieland: Double Tap (2019)","7.2","18 October 2019 (USA)","Columbus, Tallahassee, Wichita, and Little Rock move to the American heartland as they face off against evolved zombies, fellow survivors, and the growing pains of the snarky makeshift family.","https://m.media-amazon.com/images/M/MV5BYjcwNjZhNGYtOGNlNy00NGI3LTlmODMtMGZlMjA3YjA0Njg0XkEyXkFqcGdeQXVyMDM2NDM2MQ@@._V1_UX182_CR0,0,182,268_AL_.jpg"
"1575477102-176","https://www.imdb.com/chart/moviemeter/?ref_=nv_mv_mpm","Blue Story","https://www.imdb.com/title/tt9285882/?pf_rd_m=A2FGELUUNOQJNL&pf_rd_p=ea4e08e1-c8a3-47b5-ac3a-75026647c16e&pf_rd_r=495EYDSA8662H5W48FYS&pf_rd_s=center-1&pf_rd_t=15506&pf_rd_i=moviemeter&ref_=chtmvm_tt_25","Blue Story (2019)","5.2","22 November 2019 (UK)","Blue Story is a tragic tale of a friendship between Timmy and Marco, two young boys from opposing postcodes. Timmy, a shy, smart, naive and timid young boy from Deptford, goes to school in Peckham where he strikes up a friendship with Marco, a charismatic, streetwise kid from the local area. Although from warring postcodes, the two quickly form a firm friendship until it is tested and they wind up on rival sides of a street war. Blue Story depicts elements of Rapman's own personal experiences and aspects of his childhood.","https://m.media-amazon.com/images/M/MV5BNDZmYjM2ZmEtNDFmNC00NmIyLTgzYTMtMzNhNzM2MGZmM2FhXkEyXkFqcGdeQXVyNzQwOTQ1MzM@._V1_UX182_CR0,0,182,268_AL_.jpg"
"1575476933-101","https://www.imdb.com/chart/moviemeter/?ref_=nv_mv_mpm","Rocketman","https://www.imdb.com/title/tt2066051/?pf_rd_m=A2FGELUUNOQJNL&pf_rd_p=ea4e08e1-c8a3-47b5-ac3a-75026647c16e&pf_rd_r=495EYDSA8662H5W48FYS&pf_rd_s=center-1&pf_rd_t=15506&pf_rd_i=moviemeter&ref_=chtmvm_tt_100","Rocketman (2019)","7.4","31 May 2019 (USA)","A musical fantasy about the fantastical human story of Elton John's breakthrough years.","https://m.media-amazon.com/images/M/MV5BYTJmMzc0YTctYmQzOS00YWJjLTgzMmEtYjE1NzA1N2QyYzE3XkEyXkFqcGdeQXVyNjg3MDMxNzU@._V1_UX182_CR0,0,182,268_AL_.jpg"
"1575477002-133","https://www.imdb.com/chart/moviemeter/?ref_=nv_mv_mpm","Toy Story 4","https://www.imdb.com/title/tt1979376/?pf_rd_m=A2FGELUUNOQJNL&pf_rd_p=ea4e08e1-c8a3-47b5-ac3a-75026647c16e&pf_rd_r=495EYDSA8662H5W48FYS&pf_rd_s=center-1&pf_rd_t=15506&pf_rd_i=moviemeter&ref_=chtmvm_tt_68","Toy Story 4 (2019)","7.9","21 June 2019 (USA)","Woody, Buzz Lightyear and the rest of the gang embark on a road trip with Bonnie and a new toy named Forky. The adventurous journey turns into an unexpected reunion as Woody's slight detour leads him to his long-lost friend Bo Peep. As Woody and Bo discuss the old days, they soon start to realize that they're two worlds apart when it comes to what they want from life as a toy.","https://m.media-amazon.com/images/M/MV5BMTYzMDM4NzkxOV5BMl5BanBnXkFtZTgwNzM1Mzg2NzM@._V1_UX182_CR0,0,182,268_AL_.jpg"
"1575476975-120","https://www.imdb.com/chart/moviemeter/?ref_=nv_mv_mpm","Earthquake Bird","https://www.imdb.com/title/tt8178486/?pf_rd_m=A2FGELUUNOQJNL&pf_rd_p=ea4e08e1-c8a3-47b5-ac3a-75026647c16e&pf_rd_r=495EYDSA8662H5W48FYS&pf_rd_s=center-1&pf_rd_t=15506&pf_rd_i=moviemeter&ref_=chtmvm_tt_81","Earthquake Bird (2019)","5.9","15 November 2019 (USA)","In 1989 Tokyo, Lucy Fly, an enigmatic expat haunted by a painful past, enters into an intense relationship with Teiji, a handsome yet similarly troubled local photographer. Lucy's imperturbable exterior begins to crack when a naive newcomer, Lily Bridges, becomes entangled in their lives and ends up missing - suspected dead.","https://m.media-amazon.com/images/M/MV5BZDA2NjRkNTktMDg3YS00OTVhLTlmOGMtYWZkMGQyYjVhZjJhXkEyXkFqcGdeQXVyMDM2NDM2MQ@@._V1_UX182_CR0,0,182,268_AL_.jpg"
"1575476955-111","https://www.imdb.com/chart/moviemeter/?ref_=nv_mv_mpm","Motherless Brooklyn","https://www.imdb.com/title/tt0385887/?pf_rd_m=A2FGELUUNOQJNL&pf_rd_p=ea4e08e1-c8a3-47b5-ac3a-75026647c16e&pf_rd_r=495EYDSA8662H5W48FYS&pf_rd_s=center-1&pf_rd_t=15506&pf_rd_i=moviemeter&ref_=chtmvm_tt_90","Motherless Brooklyn (2019)","7.1","1 November 2019 (USA)","Set against the backdrop of 1950s New York, ""Motherless Brooklyn"" follows Lionel Essrog (Norton), a lonely private detective afflicted with Tourette's Syndrome, as he ventures to solve his friend's murder. Armed only with a few clues and the powerful engine of his obsessive mind, Lionel unravels closely-guarded secrets that hold the fate of the whole city in the balance.","https://m.media-amazon.com/images/M/MV5BNzQ0Mjk1YjItNWI1Ny00NWE2LWFlYTAtYjViY2YzMTVlOGVmXkEyXkFqcGdeQXVyMTkxNjUyNQ@@._V1_UX182_CR0,0,182,268_AL_.jpg"
"1575477060-159","https://www.imdb.com/chart/moviemeter/?ref_=nv_mv_mpm","Star Wars: Episode VIII - The Last Jedi","https://www.imdb.com/title/tt2527336/?pf_rd_m=A2FGELUUNOQJNL&pf_rd_p=ea4e08e1-c8a3-47b5-ac3a-75026647c16e&pf_rd_r=495EYDSA8662H5W48FYS&pf_rd_s=center-1&pf_rd_t=15506&pf_rd_i=moviemeter&ref_=chtmvm_tt_42","Star Wars: Episode VIII - The Last Jedi (2017)","7.1","15 December 2017 (USA)","Jedi Master-in-hiding Luke Skywalker unwillingly attempts to guide young hopeful Rey in the ways of the force, while Leia, former princess turned general, attempts to lead what is left of the Resistance away from the ruthless tyrannical grip of the First Order.","https://m.media-amazon.com/images/M/MV5BMjQ1MzcxNjg4N15BMl5BanBnXkFtZTgwNzgwMjY4MzI@._V1_UX182_CR0,0,182,268_AL_.jpg"
"1575477119-184","https://www.imdb.com/chart/moviemeter/?ref_=nv_mv_mpm","Honey Boy","https://www.imdb.com/title/tt8151874/?pf_rd_m=A2FGELUUNOQJNL&pf_rd_p=ea4e08e1-c8a3-47b5-ac3a-75026647c16e&pf_rd_r=495EYDSA8662H5W48FYS&pf_rd_s=center-1&pf_rd_t=15506&pf_rd_i=moviemeter&ref_=chtmvm_tt_17","Honey Boy (2019)","7.3","27 November 2019 (USA)","From a screenplay by Shia LaBeouf, based on his own experiences, award-winning filmmaker Alma Har'el brings to life a young actor's stormy childhood and early adult years as he struggles to reconcile with his father through cinema and dreams. Fictionalizing his childhood's ascent to stardom, and subsequent adult crash-landing into rehab and recovery, Har'el casts Noah Jupe and Lucas Hedges as Otis Lort, navigating different stages in a frenetic career. LaBeouf takes on the daring and therapeutic challenge of playing a version of his own father, an ex-rodeo clown and a felon. Artist and musician FKA Twigs makes her feature-film debut, playing neighbor and kindred spirit to the younger Otis in their garden-court motel home. Har'el's feature narrative debut is a one-of-a-kind collaboration between filmmaker and subject, exploring art as medicine and imagination as hope.","https://m.media-amazon.com/images/M/MV5BZWQ5YThjZjAtNWM3ZC00MDJjLWIzNDktY2Y2Y2FmMTFiNWJmXkEyXkFqcGdeQXVyMTA2MDQ3MTQ3._V1_UX182_CR0,0,182,268_AL_.jpg"
"1575477140-194","https://www.imdb.com/chart/moviemeter/?ref_=nv_mv_mpm","Star Wars: The Rise of Skywalker","https://www.imdb.com/title/tt2527338/?pf_rd_m=A2FGELUUNOQJNL&pf_rd_p=ea4e08e1-c8a3-47b5-ac3a-75026647c16e&pf_rd_r=495EYDSA8662H5W48FYS&pf_rd_s=center-1&pf_rd_t=15506&pf_rd_i=moviemeter&ref_=chtmvm_tt_7","Star Wars: The Rise of Skywalker (2019)","null","20 December 2019 (USA)","The surviving Resistance faces the First Order once more in the final chapter of the Skywalker saga.","https://m.media-amazon.com/images/M/MV5BMDljNTQ5ODItZmQwMy00M2ExLTljOTQtZTVjNGE2NTg0NGIxXkEyXkFqcGdeQXVyODkzNTgxMDg@._V1_UX182_CR0,0,182,268_AL_.jpg"
"1575476964-115","https://www.imdb.com/chart/moviemeter/?ref_=nv_mv_mpm","Home Alone 2: Lost in New York","https://www.imdb.com/title/tt0104431/?pf_rd_m=A2FGELUUNOQJNL&pf_rd_p=ea4e08e1-c8a3-47b5-ac3a-75026647c16e&pf_rd_r=495EYDSA8662H5W48FYS&pf_rd_s=center-1&pf_rd_t=15506&pf_rd_i=moviemeter&ref_=chtmvm_tt_86","Home Alone 2: Lost in New York (1992)","6.7","20 November 1992 (USA)","Kevin McCallister is back. But this time he's in New York City with enough cash and credit cards to turn the Big Apple into his very own playground. But Kevin won't be alone for long. The notorious Wet Bandits, Harry and Marv, still smarting from their last encounter with Kevin, are bound for New York too, plotting a huge holiday heist! Kevin's ready to welcome them with more battery of booby traps the bumbling bandits will never forget!","https://m.media-amazon.com/images/M/MV5BNDI1MzM0Y2YtYmIyMS00ODE3LTlhZjEtZTUyNmEzMTNhZWU5XkEyXkFqcGdeQXVyMTQxNzMzNDI@._V1_UX182_CR0,0,182,268_AL_.jpg"
"1575477112-181","https://www.imdb.com/chart/moviemeter/?ref_=nv_mv_mpm","Frozen","https://www.imdb.com/title/tt2294629/?pf_rd_m=A2FGELUUNOQJNL&pf_rd_p=ea4e08e1-c8a3-47b5-ac3a-75026647c16e&pf_rd_r=495EYDSA8662H5W48FYS&pf_rd_s=center-1&pf_rd_t=15506&pf_rd_i=moviemeter&ref_=chtmvm_tt_20","Frozen (2013)","7.5","27 November 2013 (USA)","Fearless optimist Anna teams up with rugged mountain man Kristoff and his loyal reindeer Sven and sets off on an epic journey to find her sister Elsa, whose icy powers have trapped the kingdom of Arendelle in eternal winter. Encountering Everest-like conditions, mystical trolls and a hilarious snowman named Olaf, Anna and Kristoff battle the elements in a race to save the kingdom. From the outside Elsa looks poised, regal and reserved, but in reality she lives in fear as she wrestles with a mighty secret: she was born with the power to create ice and snow. It's a beautiful ability, but also extremely dangerous. Haunted by the moment her magic nearly killed her younger sister Anna, Elsa has isolated herself, spending every waking minute trying to suppress her growing powers. Her mounting emotions trigger the magic, accidentally setting off an eternal winter that she can't stop. She fears she's becoming a monster and that no one, not even her sister, can help her.","https://m.media-amazon.com/images/M/MV5BMTQ1MjQwMTE5OF5BMl5BanBnXkFtZTgwNjk3MTcyMDE@._V1_UX182_CR0,0,182,268_AL_.jpg"
